--Generated by filldb.info
USE RENTAL;
GO

INSERT INTO LOC VALUES (1, 'Indiana', 'Breitenbergmouth', '12205 Boyle Radial Apt. 611');
INSERT INTO LOC VALUES (2, 'NewJersey', 'East Evelyn', '6786 Amparo Meadows Apt. 896');
INSERT INTO LOC VALUES (3, 'Washington', 'New Mariannatown', '7497 Khalil Points');
INSERT INTO LOC VALUES (4, 'Vermont', 'West Patience', '1552 Boyer Mountain');
INSERT INTO LOC VALUES (5, 'NorthCarolina', 'Brownfort', '2012 Weimann Lake');
INSERT INTO LOC VALUES (6, 'WestVirginia', 'Pacochahaven', '28128 Hilll Harbor');
INSERT INTO LOC VALUES (7, 'NewMexico', 'Jeradfort', '937 Mariane Bridge Apt. 869');
INSERT INTO LOC VALUES (8, 'Maryland', 'Nickhaven', '250 Maximilian Gateway Apt. 010');
INSERT INTO LOC VALUES (9, 'Virginia', 'Victoriashire', '37631 O''Connell Cliffs');
INSERT INTO LOC VALUES (10, 'Oregon', 'New Titusfurt', '370 Rippin Underpass');
INSERT INTO LOC VALUES (11, 'NewMexico', 'South Lewisport', '7569 Brigitte Port');
INSERT INTO LOC VALUES (12, 'NorthDakota', 'Port Priscilla', '7748 Parker Courts Apt. 402');
INSERT INTO LOC VALUES (13, 'NewYork', 'New Candelarioto', '5949 Caleigh Parks');
INSERT INTO LOC VALUES (14, 'NewHampshire', 'Toyshire', '410 Richard Ridge');
INSERT INTO LOC VALUES (15, 'California', 'Bodeberg', '4984 Cremin Fall Suite 028');
INSERT INTO LOC VALUES (16, 'Idaho', 'West Sammie', '70674 Sadie Estates');
INSERT INTO LOC VALUES (17, 'Illinois', 'Florencioview', '49105 Maxwell Inlet');
INSERT INTO LOC VALUES (18, 'Alabama', 'Wolffbury', '652 Hintz Flats Suite 451');
INSERT INTO LOC VALUES (19, 'Vermont', 'Lake Yesseniabur', '9799 Yost Roads');
INSERT INTO LOC VALUES (20, 'Oklahoma', 'Bennyton', '777 Powlowski Valley');




INSERT INTO EMPLOYEE  VALUES ('114792231', 'Simone', 'Bednar', 10, 20724);
INSERT INTO EMPLOYEE  VALUES ('115352619', 'Junius', 'Koch', 11, 56389);
INSERT INTO EMPLOYEE  VALUES ('117051394', 'Rafael', 'O''Connell', 3, 52891);
INSERT INTO EMPLOYEE  VALUES ('117218555', 'Reba', 'Gleichner', 8, 10429);
INSERT INTO EMPLOYEE  VALUES ('118006717', 'Asa', 'Watsica', 9, 56057);
INSERT INTO EMPLOYEE  VALUES ('120901359', 'Rylee', 'Luettgen', 8, 63421);
INSERT INTO EMPLOYEE  VALUES ('126439639', 'Ottilie', 'Pollich', 6, 15377);
INSERT INTO EMPLOYEE  VALUES ('129048344', 'Wayne', 'West', 16, 65236);
INSERT INTO EMPLOYEE  VALUES ('130539912', 'Sally', 'Brown', 12, 29531);
INSERT INTO EMPLOYEE  VALUES ('131537798', 'Armani', 'DuBuque', 5, 62496);
INSERT INTO EMPLOYEE  VALUES ('133920986', 'Hailie', 'Dare', 18, 10635);
INSERT INTO EMPLOYEE  VALUES ('136245929', 'Leann', 'Reichert', 15, 25648);
INSERT INTO EMPLOYEE  VALUES ('138415771', 'Reva', 'Johnson', 9, 28704);
INSERT INTO EMPLOYEE  VALUES ('145725435', 'Alexys', 'Haley', 4, 63917);
INSERT INTO EMPLOYEE  VALUES ('148022992', 'Geraldine', 'Marvin', 18, 23432);
INSERT INTO EMPLOYEE  VALUES ('148353254', 'Cecil', 'Bergstrom', 3, 39838);
INSERT INTO EMPLOYEE  VALUES ('153757960', 'Kailyn', 'Larkin', 13, 20304);
INSERT INTO EMPLOYEE  VALUES ('155051105', 'Troy', 'Rau', 18, 69934);
INSERT INTO EMPLOYEE  VALUES ('157722232', 'Erin', 'Bergstrom', 1, 39632);
INSERT INTO EMPLOYEE  VALUES ('159317997', 'Imogene', 'O''Hara', 3, 20417);
INSERT INTO EMPLOYEE  VALUES ('160631175', 'Theodore', 'Kohler', 19, 22917);
INSERT INTO EMPLOYEE  VALUES ('161499027', 'Abby', 'Jakubowski', 3, 63968);
INSERT INTO EMPLOYEE  VALUES ('167308803', 'Libbie', 'Wuckert', 14, 67418);
INSERT INTO EMPLOYEE  VALUES ('168041189', 'Chauncey', 'Dach', 14, 13111);
INSERT INTO EMPLOYEE  VALUES ('169053461', 'Etha', 'Gislason', 18, 11189);
INSERT INTO EMPLOYEE  VALUES ('172889200', 'Colleen', 'Ratke', 18, 20022);
INSERT INTO EMPLOYEE  VALUES ('173023550', 'Roberta', 'Wiza', 18, 59034);
INSERT INTO EMPLOYEE  VALUES ('176016633', 'Missouri', 'Wilkinson', 10, 48429);
INSERT INTO EMPLOYEE  VALUES ('176686541', 'Janis', 'Abshire', 19, 35726);
INSERT INTO EMPLOYEE  VALUES ('177481713', 'Lorena', 'Gerhold', 15, 42829);
INSERT INTO EMPLOYEE  VALUES ('177548546', 'Joanie', 'Simonis', 13, 45618);
INSERT INTO EMPLOYEE  VALUES ('179405249', 'Breana', 'D''Amore', 8, 60594);
INSERT INTO EMPLOYEE  VALUES ('179904927', 'Cody', 'Farrell', 1, 20283);
INSERT INTO EMPLOYEE  VALUES ('184191901', 'Krystel', 'Labadie', 15, 57552);
INSERT INTO EMPLOYEE  VALUES ('184662352', 'Maxwell', 'Schamberger', 5, 13549);
INSERT INTO EMPLOYEE  VALUES ('187764252', 'Sarina', 'Lesch', 18, 20834);
INSERT INTO EMPLOYEE  VALUES ('189481301', 'Holden', 'Turner', 20, 59165);
INSERT INTO EMPLOYEE  VALUES ('189582368', 'Arvel', 'Sanford', 15, 49448);
INSERT INTO EMPLOYEE  VALUES ('191172925', 'Neha', 'Olson', 14, 55924);
INSERT INTO EMPLOYEE  VALUES ('191407400', 'Gabe', 'Fritsch', 1, 59033);
INSERT INTO EMPLOYEE  VALUES ('195070078', 'Gordon', 'Moore', 13, 65846);
INSERT INTO EMPLOYEE  VALUES ('195284683', 'Wilford', 'Crooks', 4, 13687);
INSERT INTO EMPLOYEE  VALUES ('196710271', 'Amiya', 'Gulgowski', 11, 53415);
INSERT INTO EMPLOYEE  VALUES ('197090523', 'Dell', 'O''Keefe', 6, 10005);
INSERT INTO EMPLOYEE  VALUES ('197640262', 'Gust', 'Crooks', 12, 38192);
INSERT INTO EMPLOYEE  VALUES ('197684869', 'Mateo', 'Hartmann', 12, 45713);
INSERT INTO EMPLOYEE  VALUES ('198704980', 'Alana', 'Weissnat', 7, 36884);
INSERT INTO EMPLOYEE  VALUES ('199964973', 'Adeline', 'Beatty', 18, 57640);
INSERT INTO EMPLOYEE  VALUES ('200989385', 'Rosendo', 'Abernathy', 2, 50364);
INSERT INTO EMPLOYEE  VALUES ('203740371', 'Sallie', 'Leannon', 12, 61375);
INSERT INTO EMPLOYEE  VALUES ('211222319', 'Royal', 'Marvin', 13, 58144);
INSERT INTO EMPLOYEE  VALUES ('212532566', 'Chaim', 'Jones', 15, 35235);
INSERT INTO EMPLOYEE  VALUES ('214895679', 'Mavis', 'Morissette', 4, 52632);
INSERT INTO EMPLOYEE  VALUES ('219549753', 'Eugene', 'Romaguera', 20, 16577);
INSERT INTO EMPLOYEE  VALUES ('220221458', 'Julio', 'Streich', 18, 24336);
INSERT INTO EMPLOYEE  VALUES ('221678897', 'Jared', 'Lebsack', 5, 46881);
INSERT INTO EMPLOYEE  VALUES ('221742413', 'Maurine', 'Herman', 9, 59237);
INSERT INTO EMPLOYEE  VALUES ('223387766', 'Dion', 'Blanda', 1, 11584);
INSERT INTO EMPLOYEE  VALUES ('223480718', 'Kianna', 'Ryan', 20, 41303);
INSERT INTO EMPLOYEE  VALUES ('223749090', 'Clay', 'Cummerata', 8, 60478);
INSERT INTO EMPLOYEE  VALUES ('226886780', 'Joey', 'Kovacek', 13, 50694);
INSERT INTO EMPLOYEE  VALUES ('228688229', 'Savanna', 'Larson', 8, 36860);
INSERT INTO EMPLOYEE  VALUES ('229137959', 'Sean', 'Bins', 12, 43535);
INSERT INTO EMPLOYEE  VALUES ('230626283', 'Cedrick', 'Hoppe', 5, 61309);
INSERT INTO EMPLOYEE  VALUES ('232204218', 'Kenyatta', 'Stracke', 9, 31967);
INSERT INTO EMPLOYEE  VALUES ('233232423', 'Chasity', 'Abernathy', 10, 35635);
INSERT INTO EMPLOYEE  VALUES ('234585201', 'Wyman', 'Murazik', 5, 42730);
INSERT INTO EMPLOYEE  VALUES ('239954694', 'Aryanna', 'Barrows', 18, 44345);
INSERT INTO EMPLOYEE  VALUES ('240514300', 'Reese', 'Zulauf', 5, 27025);
INSERT INTO EMPLOYEE  VALUES ('241824169', 'Vena', 'Davis', 5, 12032);
INSERT INTO EMPLOYEE  VALUES ('245089255', 'Chadd', 'Quigley', 10, 47519);
INSERT INTO EMPLOYEE  VALUES ('246610018', 'Oda', 'Hills', 19, 45152);
INSERT INTO EMPLOYEE  VALUES ('252035865', 'Jimmy', 'Conn', 7, 27881);
INSERT INTO EMPLOYEE  VALUES ('253895700', 'Janice', 'Kuhlman', 4, 36892);
INSERT INTO EMPLOYEE  VALUES ('254199688', 'Dawn', 'Will', 9, 37255);
INSERT INTO EMPLOYEE  VALUES ('255203395', 'Ora', 'Roob', 6, 43222);
INSERT INTO EMPLOYEE  VALUES ('258059096', 'Janis', 'Beer', 3, 48826);
INSERT INTO EMPLOYEE  VALUES ('259164880', 'Bennett', 'Schamberger', 6, 26915);
INSERT INTO EMPLOYEE  VALUES ('263176976', 'Precious', 'Rutherford', 8, 16286);
INSERT INTO EMPLOYEE  VALUES ('264492586', 'Golden', 'Crooks', 13, 57390);
INSERT INTO EMPLOYEE  VALUES ('265693301', 'Carlotta', 'Hilll', 10, 23190);
INSERT INTO EMPLOYEE  VALUES ('266469000', 'Heber', 'Rowe', 18, 26241);
INSERT INTO EMPLOYEE  VALUES ('268916062', 'Missouri', 'Mohr', 19, 33506);
INSERT INTO EMPLOYEE  VALUES ('269375296', 'Maybell', 'Osinski', 8, 54059);
INSERT INTO EMPLOYEE  VALUES ('269846503', 'Maia', 'D''Amore', 19, 42202);
INSERT INTO EMPLOYEE  VALUES ('273245584', 'Lillie', 'Pacocha', 19, 46010);
INSERT INTO EMPLOYEE  VALUES ('273565874', 'Georgianna', 'Hoeger', 15, 22396);
INSERT INTO EMPLOYEE  VALUES ('282427651', 'Bella', 'Gusikowski', 17, 38804);
INSERT INTO EMPLOYEE  VALUES ('286466026', 'Karina', 'Doyle', 19, 51146);
INSERT INTO EMPLOYEE  VALUES ('288097897', 'Francesco', 'Beahan', 5, 16763);
INSERT INTO EMPLOYEE  VALUES ('288677577', 'Jules', 'Anderson', 5, 16013);
INSERT INTO EMPLOYEE  VALUES ('290247347', 'Hortense', 'McKenzie', 8, 55726);
INSERT INTO EMPLOYEE  VALUES ('293030646', 'Raheem', 'Kiehn', 7, 29139);
INSERT INTO EMPLOYEE  VALUES ('293855014', 'Efren', 'Thompson', 12, 18041);
INSERT INTO EMPLOYEE  VALUES ('295342047', 'Lourdes', 'Morar', 8, 20997);
INSERT INTO EMPLOYEE  VALUES ('298339231', 'Raina', 'Brown', 1, 18710);
INSERT INTO EMPLOYEE  VALUES ('298643703', 'Andreane', 'Upton', 19, 66610);
INSERT INTO EMPLOYEE  VALUES ('298928056', 'Ansel', 'Pfeffer', 14, 43216);
INSERT INTO EMPLOYEE  VALUES ('298988830', 'Abner', 'Corwin', 17, 36289);
INSERT INTO EMPLOYEE  VALUES ('301392751', 'Ryder', 'Stamm', 12, 39899);
INSERT INTO EMPLOYEE  VALUES ('303076506', 'Kitty', 'Lebsack', 5, 12424);
INSERT INTO EMPLOYEE  VALUES ('306308112', 'Destiney', 'Kunze', 2, 40808);
INSERT INTO EMPLOYEE  VALUES ('311440901', 'Devan', 'Reynolds', 6, 54596);
INSERT INTO EMPLOYEE  VALUES ('312087481', 'Gaylord', 'Toy', 3, 52005);
INSERT INTO EMPLOYEE  VALUES ('313472767', 'Makenna', 'Corkery', 14, 36179);
INSERT INTO EMPLOYEE  VALUES ('314613610', 'Cali', 'Borer', 9, 69710);
INSERT INTO EMPLOYEE  VALUES ('315101760', 'Gunner', 'Kunde', 4, 17779);
INSERT INTO EMPLOYEE  VALUES ('318481024', 'Dusty', 'Beier', 12, 10784);
INSERT INTO EMPLOYEE  VALUES ('320573047', 'Hollis', 'Schowalter', 10, 58572);
INSERT INTO EMPLOYEE  VALUES ('321071788', 'Jordan', 'Powlowski', 20, 25572);
INSERT INTO EMPLOYEE  VALUES ('321517269', 'Cleora', 'Gaylord', 11, 17303);
INSERT INTO EMPLOYEE  VALUES ('321802290', 'Maybelle', 'Huels', 11, 46902);
INSERT INTO EMPLOYEE  VALUES ('322562902', 'Carolina', 'Zboncak', 19, 58014);
INSERT INTO EMPLOYEE  VALUES ('323729132', 'Bailey', 'Schaden', 2, 21186);
INSERT INTO EMPLOYEE  VALUES ('324766803', 'Oleta', 'O''Hara', 8, 41796);
INSERT INTO EMPLOYEE  VALUES ('324780124', 'Nickolas', 'Daniel', 13, 25220);
INSERT INTO EMPLOYEE  VALUES ('325021014', 'Eryn', 'Rutherford', 10, 12673);
INSERT INTO EMPLOYEE  VALUES ('325494504', 'Carlie', 'Cremin', 16, 33038);
INSERT INTO EMPLOYEE  VALUES ('325815065', 'Jazmyne', 'O''Conner', 13, 18884);
INSERT INTO EMPLOYEE  VALUES ('327147754', 'Gustave', 'Schoen', 19, 13912);
INSERT INTO EMPLOYEE  VALUES ('328423586', 'Gwen', 'Jaskolski', 19, 35101);
INSERT INTO EMPLOYEE  VALUES ('330056870', 'Arnulfo', 'Quitzon', 2, 51642);
INSERT INTO EMPLOYEE  VALUES ('333492673', 'Cesar', 'Blanda', 1, 25513);
INSERT INTO EMPLOYEE  VALUES ('333662840', 'Davon', 'Gorczany', 5, 59699);
INSERT INTO EMPLOYEE  VALUES ('333997591', 'Tate', 'Wolf', 3, 68516);
INSERT INTO EMPLOYEE  VALUES ('334695596', 'Heber', 'Wehner', 19, 44143);
INSERT INTO EMPLOYEE  VALUES ('335967583', 'Concepcion', 'Gerlach', 15, 43530);
INSERT INTO EMPLOYEE  VALUES ('337654823', 'Jamil', 'Bogan', 15, 32802);
INSERT INTO EMPLOYEE  VALUES ('342000695', 'Vivienne', 'Langworth', 13, 42612);
INSERT INTO EMPLOYEE  VALUES ('343379432', 'Asha', 'Cartwright', 4, 53966);
INSERT INTO EMPLOYEE  VALUES ('346061848', 'Heath', 'Glover', 8, 48110);
INSERT INTO EMPLOYEE  VALUES ('348832999', 'Katherine', 'Rolfson', 16, 21186);
INSERT INTO EMPLOYEE  VALUES ('352804581', 'Presley', 'Hintz', 20, 59874);
INSERT INTO EMPLOYEE  VALUES ('354295257', 'Muriel', 'Jast', 13, 67310);
INSERT INTO EMPLOYEE  VALUES ('354855733', 'Fidel', 'Trantow', 13, 49847);
INSERT INTO EMPLOYEE  VALUES ('356742162', 'Julianne', 'Gutkowski', 3, 20118);
INSERT INTO EMPLOYEE  VALUES ('356754711', 'Thaddeus', 'Reynolds', 10, 11281);
INSERT INTO EMPLOYEE  VALUES ('359578371', 'Francesco', 'Okuneva', 4, 28517);
INSERT INTO EMPLOYEE  VALUES ('362633116', 'Ben', 'Herzog', 3, 16085);
INSERT INTO EMPLOYEE  VALUES ('366203758', 'Savanna', 'Durgan', 4, 27485);
INSERT INTO EMPLOYEE  VALUES ('366601394', 'Theodora', 'Funk', 1, 18873);
INSERT INTO EMPLOYEE  VALUES ('367153363', 'Golda', 'Tillman', 6, 38098);
INSERT INTO EMPLOYEE  VALUES ('367740273', 'Ebba', 'Dooley', 6, 64491);
INSERT INTO EMPLOYEE  VALUES ('368640852', 'Jordane', 'Cremin', 20, 26820);
INSERT INTO EMPLOYEE  VALUES ('370089283', 'Aaliyah', 'Kling', 16, 51689);
INSERT INTO EMPLOYEE  VALUES ('370136660', 'Jennyfer', 'Wisoky', 9, 60749);
INSERT INTO EMPLOYEE  VALUES ('370856825', 'Elza', 'Tromp', 3, 60488);
INSERT INTO EMPLOYEE  VALUES ('371055835', 'Darlene', 'Pfannerstill', 1, 17020);
INSERT INTO EMPLOYEE  VALUES ('372549643', 'Chanel', 'Nader', 16, 45155);
INSERT INTO EMPLOYEE  VALUES ('375484100', 'Maybelle', 'Haley', 1, 62284);
INSERT INTO EMPLOYEE  VALUES ('384005125', 'Eladio', 'Yundt', 1, 19364);
INSERT INTO EMPLOYEE  VALUES ('384405561', 'Erik', 'Luettgen', 15, 31881);
INSERT INTO EMPLOYEE  VALUES ('387835725', 'Rosalinda', 'Kshlerin', 6, 53479);
INSERT INTO EMPLOYEE  VALUES ('390296349', 'Green', 'Botsford', 10, 64018);
INSERT INTO EMPLOYEE  VALUES ('390534877', 'Ally', 'Powlowski', 20, 26065);
INSERT INTO EMPLOYEE  VALUES ('391979460', 'Anthony', 'Hauck', 4, 36565);
INSERT INTO EMPLOYEE  VALUES ('393398091', 'Dominique', 'Heidenreich', 5, 14611);
INSERT INTO EMPLOYEE  VALUES ('395245031', 'Evie', 'Hodkiewicz', 11, 10011);
INSERT INTO EMPLOYEE  VALUES ('395679424', 'Charles', 'Wisoky', 13, 33320);
INSERT INTO EMPLOYEE  VALUES ('396712735', 'Kelsi', 'Kuvalis', 8, 28086);
INSERT INTO EMPLOYEE  VALUES ('400116985', 'Tania', 'Connelly', 13, 27759);
INSERT INTO EMPLOYEE  VALUES ('400290299', 'Silas', 'Bahringer', 8, 64666);
INSERT INTO EMPLOYEE  VALUES ('402501265', 'Roxane', 'Smitham', 17, 14016);
INSERT INTO EMPLOYEE  VALUES ('404989222', 'Julianne', 'Spencer', 16, 29006);
INSERT INTO EMPLOYEE  VALUES ('407062280', 'Lera', 'Rowe', 9, 19446);
INSERT INTO EMPLOYEE  VALUES ('409756727', 'Ramona', 'Okuneva', 2, 48290);
INSERT INTO EMPLOYEE  VALUES ('410839132', 'Mozell', 'Smith', 4, 62095);
INSERT INTO EMPLOYEE  VALUES ('413336468', 'Benny', 'Wehner', 5, 51800);
INSERT INTO EMPLOYEE  VALUES ('415716067', 'Shaun', 'Hoeger', 9, 59283);
INSERT INTO EMPLOYEE  VALUES ('417595826', 'Nicholaus', 'Johnston', 16, 43389);
INSERT INTO EMPLOYEE  VALUES ('420426542', 'Autumn', 'Bayer', 1, 27395);
INSERT INTO EMPLOYEE  VALUES ('421114604', 'Lilly', 'Heathcote', 2, 17270);
INSERT INTO EMPLOYEE  VALUES ('422132492', 'Nicolette', 'Jenkins', 18, 63567);
INSERT INTO EMPLOYEE  VALUES ('423456395', 'Trisha', 'D''Amore', 9, 50526);
INSERT INTO EMPLOYEE  VALUES ('424549772', 'Cristopher', 'Feeney', 9, 50677);
INSERT INTO EMPLOYEE  VALUES ('425948785', 'Glennie', 'Osinski', 7, 63839);
INSERT INTO EMPLOYEE  VALUES ('427538442', 'King', 'Bernhard', 13, 53284);
INSERT INTO EMPLOYEE  VALUES ('428780447', 'Hank', 'Schmidt', 1, 60247);
INSERT INTO EMPLOYEE  VALUES ('429042174', 'Rogers', 'Heaney', 4, 55097);
INSERT INTO EMPLOYEE  VALUES ('430406875', 'Adelia', 'Terry', 13, 53433);
INSERT INTO EMPLOYEE  VALUES ('431046892', 'Adolf', 'Dare', 16, 45618);
INSERT INTO EMPLOYEE  VALUES ('434225597', 'Providenci', 'Klocko', 2, 44535);
INSERT INTO EMPLOYEE  VALUES ('435527229', 'Wade', 'Conroy', 18, 68816);
INSERT INTO EMPLOYEE  VALUES ('435692865', 'Kody', 'Kub', 17, 63708);
INSERT INTO EMPLOYEE  VALUES ('438148887', 'Arch', 'Grady', 17, 66365);
INSERT INTO EMPLOYEE  VALUES ('441460039', 'Eileen', 'Crona', 16, 40788);
INSERT INTO EMPLOYEE  VALUES ('445496366', 'Quincy', 'Rippin', 15, 64052);
INSERT INTO EMPLOYEE  VALUES ('445924897', 'Danika', 'Mayert', 3, 60110);
INSERT INTO EMPLOYEE  VALUES ('446232489', 'Rosalyn', 'Leuschke', 12, 34317);
INSERT INTO EMPLOYEE  VALUES ('446532686', 'Martina', 'Douglas', 20, 49906);
INSERT INTO EMPLOYEE  VALUES ('449918895', 'Hunter', 'Lakin', 7, 13872);
INSERT INTO EMPLOYEE  VALUES ('450327294', 'Syble', 'Rau', 6, 63491);
INSERT INTO EMPLOYEE  VALUES ('451825245', 'Imogene', 'Gutkowski', 17, 30151);
INSERT INTO EMPLOYEE  VALUES ('451826424', 'Emilia', 'Wiza', 12, 17048);
INSERT INTO EMPLOYEE  VALUES ('451871650', 'Amira', 'Pfeffer', 1, 33390);
INSERT INTO EMPLOYEE  VALUES ('454106840', 'Cleta', 'Bednar', 5, 59651);
INSERT INTO EMPLOYEE  VALUES ('454382265', 'Turner', 'Sawayn', 18, 26644);
INSERT INTO EMPLOYEE  VALUES ('454986938', 'Angelita', 'King', 1, 60782);
INSERT INTO EMPLOYEE  VALUES ('456696573', 'Alexa', 'McKenzie', 11, 27047);
INSERT INTO EMPLOYEE  VALUES ('457742629', 'Humberto', 'Gerlach', 19, 20759);
INSERT INTO EMPLOYEE  VALUES ('458741392', 'Derek', 'Collins', 17, 14458);
INSERT INTO EMPLOYEE  VALUES ('458801780', 'Cali', 'Hettinger', 8, 66264);
INSERT INTO EMPLOYEE  VALUES ('461817554', 'Bryana', 'Miller', 19, 24053);
INSERT INTO EMPLOYEE  VALUES ('462892495', 'Alayna', 'Wintheiser', 1, 16000);
INSERT INTO EMPLOYEE  VALUES ('463008950', 'Vella', 'Goldner', 13, 32758);
INSERT INTO EMPLOYEE  VALUES ('465448374', 'Roma', 'Jacobi', 18, 40353);
INSERT INTO EMPLOYEE  VALUES ('469222402', 'Jerome', 'Beier', 15, 35444);
INSERT INTO EMPLOYEE  VALUES ('472177284', 'Henriette', 'Schowalter', 13, 33349);
INSERT INTO EMPLOYEE  VALUES ('473502949', 'Caroline', 'Olson', 4, 37525);
INSERT INTO EMPLOYEE  VALUES ('474033868', 'Trenton', 'O''Kon', 11, 58901);
INSERT INTO EMPLOYEE  VALUES ('475291594', 'Wilburn', 'Hills', 18, 41539);
INSERT INTO EMPLOYEE  VALUES ('476441510', 'Whitney', 'Hettinger', 10, 31320);
INSERT INTO EMPLOYEE  VALUES ('477748970', 'Oliver', 'Kirlin', 7, 39307);
INSERT INTO EMPLOYEE  VALUES ('478263444', 'Jack', 'Durgan', 12, 65565);
INSERT INTO EMPLOYEE  VALUES ('482739959', 'Rodrick', 'Spencer', 3, 61797);
INSERT INTO EMPLOYEE  VALUES ('484201747', 'Peter', 'Wolff', 11, 22401);
INSERT INTO EMPLOYEE  VALUES ('486352347', 'Pat', 'Bechtelar', 12, 16555);
INSERT INTO EMPLOYEE  VALUES ('491430178', 'Vito', 'Streich', 5, 64005);
INSERT INTO EMPLOYEE  VALUES ('493366272', 'Eriberto', 'Ledner', 17, 15793);
INSERT INTO EMPLOYEE  VALUES ('493818571', 'June', 'Rippin', 8, 19348);
INSERT INTO EMPLOYEE  VALUES ('494639481', 'Jaida', 'Heathcote', 10, 65812);
INSERT INTO EMPLOYEE  VALUES ('495157517', 'Alisa', 'Stokes', 6, 22185);
INSERT INTO EMPLOYEE  VALUES ('495640931', 'Nikko', 'Muller', 11, 56024);
INSERT INTO EMPLOYEE  VALUES ('495726808', 'Bernice', 'Raynor', 15, 66398);
INSERT INTO EMPLOYEE  VALUES ('498403374', 'Jermain', 'Marvin', 20, 37384);
INSERT INTO EMPLOYEE  VALUES ('499652666', 'Gregory', 'Bogisich', 13, 24772);
INSERT INTO EMPLOYEE  VALUES ('500172758', 'Travis', 'Blanda', 8, 65131);
INSERT INTO EMPLOYEE  VALUES ('500996418', 'Marguerite', 'Marquardt', 17, 54007);
INSERT INTO EMPLOYEE  VALUES ('501441882', 'Claude', 'Renner', 4, 65556);
INSERT INTO EMPLOYEE  VALUES ('502351035', 'Allen', 'Jones', 7, 69491);
INSERT INTO EMPLOYEE  VALUES ('502841694', 'Dylan', 'Funk', 15, 42872);
INSERT INTO EMPLOYEE  VALUES ('503341196', 'Sandrine', 'Ryan', 7, 23697);
INSERT INTO EMPLOYEE  VALUES ('506506194', 'Joey', 'Borer', 20, 65428);
INSERT INTO EMPLOYEE  VALUES ('506575152', 'Amparo', 'Runolfsdottir', 20, 31498);
INSERT INTO EMPLOYEE  VALUES ('509439251', 'John', 'Metz', 6, 49116);
INSERT INTO EMPLOYEE  VALUES ('510201187', 'Thelma', 'Schinner', 6, 36735);
INSERT INTO EMPLOYEE  VALUES ('510755066', 'Krystal', 'Jakubowski', 12, 20969);
INSERT INTO EMPLOYEE  VALUES ('515421730', 'Johanna', 'Klein', 19, 24431);
INSERT INTO EMPLOYEE  VALUES ('515694459', 'Geoffrey', 'Rogahn', 19, 40589);
INSERT INTO EMPLOYEE  VALUES ('518747165', 'Brooks', 'Wehner', 18, 68518);
INSERT INTO EMPLOYEE  VALUES ('519797517', 'Daphnee', 'Hudson', 7, 49227);
INSERT INTO EMPLOYEE  VALUES ('520318806', 'Kacie', 'Feil', 1, 40091);
INSERT INTO EMPLOYEE  VALUES ('522091560', 'General', 'King', 17, 39655);
INSERT INTO EMPLOYEE  VALUES ('523967439', 'Laury', 'Kuhn', 10, 57452);
INSERT INTO EMPLOYEE  VALUES ('524230204', 'Khalil', 'Mayert', 12, 48168);
INSERT INTO EMPLOYEE  VALUES ('525384898', 'Ana', 'Feeney', 18, 68754);
INSERT INTO EMPLOYEE  VALUES ('525392707', 'Santino', 'VonRueden', 1, 27288);
INSERT INTO EMPLOYEE  VALUES ('526424206', 'Layla', 'McLaughlin', 9, 51584);
INSERT INTO EMPLOYEE  VALUES ('528318451', 'Sally', 'Medhurst', 19, 50054);
INSERT INTO EMPLOYEE  VALUES ('528788079', 'Ciara', 'Russel', 18, 24496);
INSERT INTO EMPLOYEE  VALUES ('529558503', 'Trinity', 'Kovacek', 8, 28075);
INSERT INTO EMPLOYEE  VALUES ('530541262', 'Mireille', 'McClure', 19, 42696);
INSERT INTO EMPLOYEE  VALUES ('531176336', 'Jodie', 'Kunze', 17, 63545);
INSERT INTO EMPLOYEE  VALUES ('532220775', 'Freida', 'Pagac', 7, 20499);
INSERT INTO EMPLOYEE  VALUES ('534227044', 'Lincoln', 'Gottlieb', 4, 39210);
INSERT INTO EMPLOYEE  VALUES ('534248444', 'Lelah', 'Smith', 20, 43462);
INSERT INTO EMPLOYEE  VALUES ('536867836', 'Nikita', 'Hane', 2, 18370);
INSERT INTO EMPLOYEE  VALUES ('539946870', 'Katarina', 'Stark', 5, 38157);
INSERT INTO EMPLOYEE  VALUES ('540980737', 'Napoleon', 'Ebert', 13, 22083);
INSERT INTO EMPLOYEE  VALUES ('541196000', 'Brady', 'Legros', 13, 43536);
INSERT INTO EMPLOYEE  VALUES ('542055784', 'Stephanie', 'Swift', 1, 42772);
INSERT INTO EMPLOYEE  VALUES ('542507464', 'Enid', 'Wolff', 19, 46525);
INSERT INTO EMPLOYEE  VALUES ('544378388', 'Louie', 'Mitchell', 14, 15832);
INSERT INTO EMPLOYEE  VALUES ('547105213', 'Denis', 'Muller', 6, 32937);
INSERT INTO EMPLOYEE  VALUES ('547844743', 'Guy', 'Harris', 17, 31011);
INSERT INTO EMPLOYEE  VALUES ('548176374', 'Juwan', 'Hammes', 15, 48881);
INSERT INTO EMPLOYEE  VALUES ('550594826', 'Josue', 'Goldner', 2, 36667);
INSERT INTO EMPLOYEE  VALUES ('555709377', 'Edwardo', 'Treutel', 17, 29875);
INSERT INTO EMPLOYEE  VALUES ('560908359', 'Tate', 'Lang', 5, 66762);
INSERT INTO EMPLOYEE  VALUES ('561511789', 'Agustina', 'Hammes', 2, 18526);
INSERT INTO EMPLOYEE  VALUES ('564133222', 'Derick', 'Streich', 17, 20211);
INSERT INTO EMPLOYEE  VALUES ('564185500', 'Anahi', 'Rolfson', 6, 47946);
INSERT INTO EMPLOYEE  VALUES ('572893415', 'Stefanie', 'Murphy', 9, 25840);
INSERT INTO EMPLOYEE  VALUES ('573702267', 'Hipolito', 'Vandervort', 3, 67349);
INSERT INTO EMPLOYEE  VALUES ('578286416', 'Peter', 'Murray', 2, 12591);
INSERT INTO EMPLOYEE  VALUES ('582787134', 'Litzy', 'Schaefer', 17, 26057);
INSERT INTO EMPLOYEE  VALUES ('585798001', 'Sigmund', 'Friesen', 12, 50602);
INSERT INTO EMPLOYEE  VALUES ('589005789', 'Delilah', 'Denesik', 10, 26470);
INSERT INTO EMPLOYEE  VALUES ('589289402', 'Adolph', 'Wolff', 9, 17467);
INSERT INTO EMPLOYEE  VALUES ('591059649', 'Bart', 'Jacobs', 5, 49352);
INSERT INTO EMPLOYEE  VALUES ('591123350', 'Burnice', 'Crona', 12, 51216);
INSERT INTO EMPLOYEE  VALUES ('591558702', 'Jaunita', 'Heller', 15, 15562);
INSERT INTO EMPLOYEE  VALUES ('593918756', 'Alden', 'Stehr', 12, 18062);
INSERT INTO EMPLOYEE  VALUES ('594302351', 'Terrance', 'Heaney', 14, 25064);
INSERT INTO EMPLOYEE  VALUES ('598295003', 'Raphaelle', 'Hills', 2, 34460);
INSERT INTO EMPLOYEE  VALUES ('599782476', 'Alejandrin', 'Schaefer', 16, 53945);
INSERT INTO EMPLOYEE  VALUES ('603164232', 'Sharon', 'Deckow', 11, 50479);
INSERT INTO EMPLOYEE  VALUES ('603911809', 'Mafalda', 'Borer', 13, 67531);
INSERT INTO EMPLOYEE  VALUES ('604625577', 'Joanne', 'Mitchell', 20, 55537);
INSERT INTO EMPLOYEE  VALUES ('605504450', 'Oleta', 'Sauer', 14, 44859);
INSERT INTO EMPLOYEE  VALUES ('606049550', 'Angel', 'Donnelly', 17, 38170);
INSERT INTO EMPLOYEE  VALUES ('606576823', 'Sonya', 'Heller', 19, 19171);
INSERT INTO EMPLOYEE  VALUES ('608313024', 'Rebekah', 'Baumbach', 10, 14776);
INSERT INTO EMPLOYEE  VALUES ('609349356', 'Ola', 'Cartwright', 15, 39304);
INSERT INTO EMPLOYEE  VALUES ('609381998', 'Orrin', 'Osinski', 13, 26798);
INSERT INTO EMPLOYEE  VALUES ('610276681', 'Leonor', 'Dietrich', 8, 63437);
INSERT INTO EMPLOYEE  VALUES ('612100382', 'Rosamond', 'Terry', 17, 23505);
INSERT INTO EMPLOYEE  VALUES ('612139674', 'Corrine', 'Schmeler', 18, 42091);
INSERT INTO EMPLOYEE  VALUES ('613284233', 'Melba', 'Windler', 7, 20261);
INSERT INTO EMPLOYEE  VALUES ('617776176', 'Clifford', 'Trantow', 6, 41024);
INSERT INTO EMPLOYEE  VALUES ('618062119', 'Trey', 'McLaughlin', 2, 17026);
INSERT INTO EMPLOYEE  VALUES ('620779388', 'Emilie', 'Gibson', 4, 45602);
INSERT INTO EMPLOYEE  VALUES ('621781204', 'Gabe', 'Cassin', 9, 34524);
INSERT INTO EMPLOYEE  VALUES ('624104697', 'Mireya', 'Larkin', 12, 29829);
INSERT INTO EMPLOYEE  VALUES ('624738494', 'Camron', 'Feest', 3, 42728);
INSERT INTO EMPLOYEE  VALUES ('625379806', 'Angelina', 'Herman', 9, 19313);
INSERT INTO EMPLOYEE  VALUES ('625435168', 'Shirley', 'Rippin', 3, 61778);
INSERT INTO EMPLOYEE  VALUES ('625601072', 'Caterina', 'O''Reilly', 15, 53794);
INSERT INTO EMPLOYEE  VALUES ('627175742', 'Rogelio', 'Breitenberg', 6, 45498);
INSERT INTO EMPLOYEE  VALUES ('627316831', 'Sasha', 'Watsica', 5, 49795);
INSERT INTO EMPLOYEE  VALUES ('629795485', 'Arnaldo', 'Leffler', 5, 22486);
INSERT INTO EMPLOYEE  VALUES ('631353471', 'Torey', 'Hammes', 19, 24713);
INSERT INTO EMPLOYEE  VALUES ('632772600', 'Arlene', 'Sipes', 2, 43265);
INSERT INTO EMPLOYEE  VALUES ('639376120', 'Morris', 'Wunsch', 11, 36422);
INSERT INTO EMPLOYEE  VALUES ('640859500', 'Loyce', 'Rice', 6, 19329);
INSERT INTO EMPLOYEE  VALUES ('643188654', 'Victoria', 'Frami', 19, 42100);
INSERT INTO EMPLOYEE  VALUES ('646879346', 'Johanna', 'Jakubowski', 13, 15029);
INSERT INTO EMPLOYEE  VALUES ('647537439', 'Sarah', 'Shields', 7, 48308);
INSERT INTO EMPLOYEE  VALUES ('655123761', 'Hilton', 'Pfannerstill', 3, 16112);
INSERT INTO EMPLOYEE  VALUES ('655370130', 'Ayden', 'Effertz', 18, 49203);
INSERT INTO EMPLOYEE  VALUES ('655451198', 'Clint', 'Cummings', 5, 60837);
INSERT INTO EMPLOYEE  VALUES ('656063495', 'Jocelyn', 'Langosh', 18, 25065);
INSERT INTO EMPLOYEE  VALUES ('657567938', 'Cleo', 'Paucek', 8, 63312);
INSERT INTO EMPLOYEE  VALUES ('659611393', 'Verna', 'Hauck', 2, 13215);
INSERT INTO EMPLOYEE  VALUES ('659941924', 'Wilson', 'Vandervort', 16, 27404);
INSERT INTO EMPLOYEE  VALUES ('661000548', 'Precious', 'Hermiston', 2, 63466);
INSERT INTO EMPLOYEE  VALUES ('665949837', 'Asa', 'Murazik', 9, 11529);
INSERT INTO EMPLOYEE  VALUES ('666377016', 'Annetta', 'Fadel', 9, 14469);
INSERT INTO EMPLOYEE  VALUES ('667529342', 'Leonie', 'Bogisich', 1, 32513);
INSERT INTO EMPLOYEE  VALUES ('667882895', 'Jerod', 'Bruen', 14, 45254);
INSERT INTO EMPLOYEE  VALUES ('668833540', 'Berenice', 'O''Reilly', 6, 28048);
INSERT INTO EMPLOYEE  VALUES ('676325468', 'Osvaldo', 'Hills', 13, 68090);
INSERT INTO EMPLOYEE  VALUES ('677644171', 'Marlene', 'Carter', 2, 15331);
INSERT INTO EMPLOYEE  VALUES ('679463047', 'Dale', 'Johnson', 6, 17506);
INSERT INTO EMPLOYEE  VALUES ('683170952', 'London', 'Vandervort', 13, 43403);
INSERT INTO EMPLOYEE  VALUES ('683821849', 'Emile', 'Conroy', 8, 67288);
INSERT INTO EMPLOYEE  VALUES ('686309612', 'Nicklaus', 'Simonis', 9, 15100);
INSERT INTO EMPLOYEE  VALUES ('691109653', 'Kari', 'Tromp', 9, 10080);
INSERT INTO EMPLOYEE  VALUES ('691220691', 'Casandra', 'Weber', 1, 63324);
INSERT INTO EMPLOYEE  VALUES ('691308170', 'Earnestine', 'Ebert', 18, 54934);
INSERT INTO EMPLOYEE  VALUES ('694279537', 'Buster', 'Powlowski', 9, 41068);
INSERT INTO EMPLOYEE  VALUES ('698267692', 'Jade', 'Murazik', 17, 29411);
INSERT INTO EMPLOYEE  VALUES ('698782927', 'Freida', 'Wilkinson', 7, 55131);
INSERT INTO EMPLOYEE  VALUES ('699194147', 'Theresa', 'Crooks', 12, 46273);
INSERT INTO EMPLOYEE  VALUES ('700622129', 'Krystal', 'Dach', 4, 36503);
INSERT INTO EMPLOYEE  VALUES ('701697909', 'Jacky', 'Harvey', 9, 55745);
INSERT INTO EMPLOYEE  VALUES ('705184246', 'Garrett', 'Hettinger', 12, 16381);
INSERT INTO EMPLOYEE  VALUES ('711634899', 'Yasmine', 'Fisher', 14, 47048);
INSERT INTO EMPLOYEE  VALUES ('712820123', 'Heaven', 'Schaefer', 9, 11356);
INSERT INTO EMPLOYEE  VALUES ('713261108', 'Beatrice', 'Larkin', 18, 10381);
INSERT INTO EMPLOYEE  VALUES ('713346016', 'Raheem', 'Gibson', 16, 39352);
INSERT INTO EMPLOYEE  VALUES ('713900356', 'Deon', 'Purdy', 14, 54940);
INSERT INTO EMPLOYEE  VALUES ('715772947', 'Chad', 'Waters', 9, 42436);
INSERT INTO EMPLOYEE  VALUES ('718977732', 'Jimmy', 'Reichel', 11, 61868);
INSERT INTO EMPLOYEE  VALUES ('719389465', 'Janessa', 'Kutch', 6, 34946);
INSERT INTO EMPLOYEE  VALUES ('720815486', 'Vernie', 'Bartoletti', 11, 43361);
INSERT INTO EMPLOYEE  VALUES ('727219888', 'Liliane', 'Hirthe', 6, 17721);
INSERT INTO EMPLOYEE  VALUES ('731788799', 'Heather', 'Conroy', 9, 36885);
INSERT INTO EMPLOYEE  VALUES ('732405696', 'Dax', 'Weissnat', 18, 22134);
INSERT INTO EMPLOYEE  VALUES ('738032819', 'Golden', 'Rempel', 4, 61072);
INSERT INTO EMPLOYEE  VALUES ('741098686', 'Alphonso', 'King', 20, 58549);
INSERT INTO EMPLOYEE  VALUES ('741598795', 'Leon', 'Reichert', 6, 47018);
INSERT INTO EMPLOYEE  VALUES ('742627753', 'Clara', 'Schulist', 3, 55850);
INSERT INTO EMPLOYEE  VALUES ('744510372', 'Sandrine', 'Gislason', 9, 36303);
INSERT INTO EMPLOYEE  VALUES ('744706765', 'Trystan', 'Crist', 18, 27992);
INSERT INTO EMPLOYEE  VALUES ('746462682', 'Milton', 'Denesik', 1, 51820);
INSERT INTO EMPLOYEE  VALUES ('747003315', 'Franz', 'Donnelly', 15, 32468);
INSERT INTO EMPLOYEE  VALUES ('749181731', 'Theron', 'Littel', 2, 13632);
INSERT INTO EMPLOYEE  VALUES ('752100929', 'Nia', 'Bednar', 15, 62576);
INSERT INTO EMPLOYEE  VALUES ('752274619', 'Carmen', 'Mohr', 13, 68822);
INSERT INTO EMPLOYEE  VALUES ('757069790', 'Polly', 'Kuhn', 6, 57360);
INSERT INTO EMPLOYEE  VALUES ('758447662', 'Mallie', 'Olson', 20, 17659);
INSERT INTO EMPLOYEE  VALUES ('759206533', 'Lois', 'Corkery', 6, 69344);
INSERT INTO EMPLOYEE  VALUES ('759572724', 'Stephan', 'Hartmann', 12, 10802);
INSERT INTO EMPLOYEE  VALUES ('767859513', 'Angelo', 'Muller', 9, 20918);
INSERT INTO EMPLOYEE  VALUES ('769443231', 'Mathilde', 'Hettinger', 19, 32978);
INSERT INTO EMPLOYEE  VALUES ('770785289', 'Nickolas', 'Crona', 10, 65511);
INSERT INTO EMPLOYEE  VALUES ('771670376', 'Dorothy', 'Parker', 3, 21133);
INSERT INTO EMPLOYEE  VALUES ('772572958', 'Kirstin', 'Frami', 13, 55980);
INSERT INTO EMPLOYEE  VALUES ('774208447', 'Jonathan', 'Boyer', 14, 36093);
INSERT INTO EMPLOYEE  VALUES ('776300757', 'Deon', 'Hackett', 20, 36036);
INSERT INTO EMPLOYEE  VALUES ('778024004', 'Alvis', 'Flatley', 1, 22955);
INSERT INTO EMPLOYEE  VALUES ('778254713', 'Jocelyn', 'Casper', 14, 25896);
INSERT INTO EMPLOYEE  VALUES ('778436750', 'Name', 'Konopelski', 7, 26309);
INSERT INTO EMPLOYEE  VALUES ('782811346', 'Ryleigh', 'Wunsch', 16, 23971);
INSERT INTO EMPLOYEE  VALUES ('783772418', 'Ramon', 'Bashirian', 20, 17742);
INSERT INTO EMPLOYEE  VALUES ('784058021', 'Asha', 'Mueller', 4, 51212);
INSERT INTO EMPLOYEE  VALUES ('789978391', 'Danny', 'Weber', 10, 66267);
INSERT INTO EMPLOYEE  VALUES ('793904006', 'Brannon', 'Nader', 8, 48835);
INSERT INTO EMPLOYEE  VALUES ('795267716', 'Riley', 'Daugherty', 17, 20284);
INSERT INTO EMPLOYEE  VALUES ('796302264', 'Ole', 'Kozey', 3, 43681);
INSERT INTO EMPLOYEE  VALUES ('797527932', 'Roxane', 'Marks', 5, 63800);
INSERT INTO EMPLOYEE  VALUES ('797856592', 'Colt', 'Quigley', 14, 65990);
INSERT INTO EMPLOYEE  VALUES ('800439932', 'Gisselle', 'Murazik', 4, 38028);
INSERT INTO EMPLOYEE  VALUES ('801363572', 'Carson', 'Strosin', 16, 59782);
INSERT INTO EMPLOYEE  VALUES ('802047051', 'Demario', 'Mann', 3, 68231);
INSERT INTO EMPLOYEE  VALUES ('806944860', 'Scarlett', 'Hirthe', 16, 49512);
INSERT INTO EMPLOYEE  VALUES ('807807122', 'Piper', 'Schmitt', 16, 69431);
INSERT INTO EMPLOYEE  VALUES ('809557075', 'Monica', 'Runolfsson', 1, 56033);
INSERT INTO EMPLOYEE  VALUES ('813587107', 'Cleora', 'Jaskolski', 8, 27866);
INSERT INTO EMPLOYEE  VALUES ('814682187', 'Shaniya', 'Leannon', 15, 23430);
INSERT INTO EMPLOYEE  VALUES ('814715476', 'Kyler', 'Cummerata', 6, 39218);
INSERT INTO EMPLOYEE  VALUES ('818508595', 'Garett', 'Brakus', 4, 22228);
INSERT INTO EMPLOYEE  VALUES ('821963820', 'Kellen', 'Brakus', 19, 48719);
INSERT INTO EMPLOYEE  VALUES ('823178289', 'Camilla', 'Wisozk', 19, 32264);
INSERT INTO EMPLOYEE  VALUES ('824349041', 'Sandrine', 'Hyatt', 19, 64794);
INSERT INTO EMPLOYEE  VALUES ('828975337', 'Angeline', 'Hodkiewicz', 19, 42399);
INSERT INTO EMPLOYEE  VALUES ('831234595', 'Rahsaan', 'Collins', 12, 44635);
INSERT INTO EMPLOYEE  VALUES ('839819947', 'Schuyler', 'Cremin', 1, 60300);
INSERT INTO EMPLOYEE  VALUES ('840394435', 'Ona', 'Brakus', 1, 67265);
INSERT INTO EMPLOYEE  VALUES ('841438955', 'Emerald', 'Kuhn', 18, 23091);
INSERT INTO EMPLOYEE  VALUES ('847224720', 'Paul', 'Moore', 16, 15209);
INSERT INTO EMPLOYEE  VALUES ('847863401', 'Brittany', 'Beer', 15, 68950);
INSERT INTO EMPLOYEE  VALUES ('849532727', 'Marty', 'Skiles', 15, 58326);
INSERT INTO EMPLOYEE  VALUES ('850216545', 'Eino', 'D''Amore', 18, 16886);
INSERT INTO EMPLOYEE  VALUES ('850218660', 'Julius', 'Rosenbaum', 8, 23184);
INSERT INTO EMPLOYEE  VALUES ('852774961', 'Beaulah', 'Mante', 1, 40951);
INSERT INTO EMPLOYEE  VALUES ('853231579', 'Isai', 'Bode', 7, 28903);
INSERT INTO EMPLOYEE  VALUES ('854536727', 'Deon', 'King', 12, 38216);
INSERT INTO EMPLOYEE  VALUES ('855160457', 'Daniella', 'Greenholt', 15, 21617);
INSERT INTO EMPLOYEE  VALUES ('856114118', 'Oswald', 'Zboncak', 12, 26948);
INSERT INTO EMPLOYEE  VALUES ('857345310', 'Evangeline', 'Hettinger', 10, 68297);
INSERT INTO EMPLOYEE  VALUES ('858173195', 'Nola', 'Bartell', 5, 20284);
INSERT INTO EMPLOYEE  VALUES ('859021991', 'Sallie', 'Anderson', 2, 45404);
INSERT INTO EMPLOYEE  VALUES ('861716263', 'Robert', 'Jacobson', 12, 54146);
INSERT INTO EMPLOYEE  VALUES ('864902626', 'Monroe', 'Kshlerin', 13, 58753);
INSERT INTO EMPLOYEE  VALUES ('866466987', 'Dimitri', 'Windler', 14, 67589);
INSERT INTO EMPLOYEE  VALUES ('867097744', 'Delpha', 'Breitenberg', 3, 45623);
INSERT INTO EMPLOYEE  VALUES ('871351956', 'Lorenzo', 'Jenkins', 1, 57890);
INSERT INTO EMPLOYEE  VALUES ('871909185', 'Darian', 'Metz', 17, 67373);
INSERT INTO EMPLOYEE  VALUES ('873966023', 'Kathryn', 'Muller', 3, 64285);
INSERT INTO EMPLOYEE  VALUES ('874194740', 'Dustin', 'Streich', 12, 30071);
INSERT INTO EMPLOYEE  VALUES ('874534592', 'Cristal', 'Hermiston', 3, 11620);
INSERT INTO EMPLOYEE  VALUES ('874648889', 'Idella', 'Koch', 4, 11385);
INSERT INTO EMPLOYEE  VALUES ('874906823', 'Vanessa', 'Reilly', 2, 45887);
INSERT INTO EMPLOYEE  VALUES ('877127851', 'Naomi', 'Beahan', 13, 66550);
INSERT INTO EMPLOYEE  VALUES ('881303462', 'Ari', 'Deckow', 11, 37199);
INSERT INTO EMPLOYEE  VALUES ('883003120', 'Loyce', 'Quitzon', 16, 68068);
INSERT INTO EMPLOYEE  VALUES ('883661137', 'Tamia', 'Sporer', 4, 45104);
INSERT INTO EMPLOYEE  VALUES ('884773550', 'Alycia', 'Gibson', 8, 35306);
INSERT INTO EMPLOYEE  VALUES ('887040834', 'Sage', 'Pfeffer', 10, 15670);
INSERT INTO EMPLOYEE  VALUES ('889361188', 'Dedrick', 'Goldner', 10, 28959);
INSERT INTO EMPLOYEE  VALUES ('892053773', 'Isac', 'Feeney', 10, 21159);
INSERT INTO EMPLOYEE  VALUES ('892088875', 'Ashlee', 'Schoen', 12, 10320);
INSERT INTO EMPLOYEE  VALUES ('895394749', 'Lilla', 'Greenfelder', 19, 23062);
INSERT INTO EMPLOYEE  VALUES ('895659294', 'Al', 'Baumbach', 15, 60076);
INSERT INTO EMPLOYEE  VALUES ('895676922', 'Colton', 'Ferry', 15, 48806);
INSERT INTO EMPLOYEE  VALUES ('896693050', 'Isai', 'Witting', 20, 28401);
INSERT INTO EMPLOYEE  VALUES ('896920323', 'Tara', 'Goodwin', 7, 64714);
INSERT INTO EMPLOYEE  VALUES ('898416708', 'Camille', 'Kohler', 11, 68909);
INSERT INTO EMPLOYEE  VALUES ('900565928', 'Sabryna', 'Hahn', 19, 10541);
INSERT INTO EMPLOYEE  VALUES ('903834694', 'Reanna', 'Cassin', 13, 25694);
INSERT INTO EMPLOYEE  VALUES ('912303899', 'Christophe', 'Reilly', 3, 12794);
INSERT INTO EMPLOYEE  VALUES ('914192782', 'Humberto', 'Ryan', 20, 67482);
INSERT INTO EMPLOYEE  VALUES ('916222880', 'Brittany', 'Hilpert', 13, 19407);
INSERT INTO EMPLOYEE  VALUES ('917969758', 'Augustine', 'Wisozk', 18, 62225);
INSERT INTO EMPLOYEE  VALUES ('918878371', 'Raphaelle', 'Huel', 13, 44018);
INSERT INTO EMPLOYEE  VALUES ('919165225', 'Liliana', 'Abbott', 12, 67513);
INSERT INTO EMPLOYEE  VALUES ('921479198', 'Brycen', 'Stark', 1, 50785);
INSERT INTO EMPLOYEE  VALUES ('922586055', 'Scottie', 'Balistreri', 12, 26863);
INSERT INTO EMPLOYEE  VALUES ('923279043', 'Kariane', 'Beahan', 3, 17444);
INSERT INTO EMPLOYEE  VALUES ('923460365', 'Liliane', 'Nienow', 8, 13892);
INSERT INTO EMPLOYEE  VALUES ('936700697', 'Adriana', 'Durgan', 13, 30940);
INSERT INTO EMPLOYEE  VALUES ('939016806', 'Dedrick', 'Sipes', 13, 20516);
INSERT INTO EMPLOYEE  VALUES ('947158381', 'Yasmin', 'DuBuque', 4, 45480);
INSERT INTO EMPLOYEE  VALUES ('950509870', 'Helene', 'Moen', 7, 23642);
INSERT INTO EMPLOYEE  VALUES ('952766151', 'Emmanuelle', 'Senger', 1, 65416);
INSERT INTO EMPLOYEE  VALUES ('953606240', 'Vicenta', 'Johnston', 7, 64705);
INSERT INTO EMPLOYEE  VALUES ('954889886', 'Camren', 'Nienow', 19, 11998);
INSERT INTO EMPLOYEE  VALUES ('956130163', 'Paris', 'Wiegand', 3, 43566);
INSERT INTO EMPLOYEE  VALUES ('958826819', 'Ella', 'Osinski', 14, 26690);
INSERT INTO EMPLOYEE  VALUES ('959761896', 'Marjory', 'Bashirian', 3, 64930);
INSERT INTO EMPLOYEE  VALUES ('964168524', 'Otto', 'Bins', 2, 15681);
INSERT INTO EMPLOYEE  VALUES ('964402614', 'Keenan', 'Zemlak', 16, 69848);
INSERT INTO EMPLOYEE  VALUES ('965083875', 'Mckenna', 'Hoeger', 12, 10184);
INSERT INTO EMPLOYEE  VALUES ('965433463', 'Rose', 'Bosco', 15, 25266);
INSERT INTO EMPLOYEE  VALUES ('966282238', 'Danika', 'Osinski', 15, 54220);
INSERT INTO EMPLOYEE  VALUES ('968765236', 'Deja', 'Tillman', 4, 63477);
INSERT INTO EMPLOYEE  VALUES ('969162214', 'Dedrick', 'Mohr', 5, 29855);
INSERT INTO EMPLOYEE  VALUES ('972472952', 'Joanie', 'Reichel', 13, 24290);
INSERT INTO EMPLOYEE  VALUES ('973385527', 'Landen', 'Ernser', 7, 65446);
INSERT INTO EMPLOYEE  VALUES ('976018600', 'Madaline', 'Hills', 8, 56349);
INSERT INTO EMPLOYEE  VALUES ('977402165', 'Dimitri', 'Hintz', 1, 51006);
INSERT INTO EMPLOYEE  VALUES ('978391165', 'Modesta', 'Walsh', 12, 32778);
INSERT INTO EMPLOYEE  VALUES ('982433219', 'Evelyn', 'Schiller', 14, 17992);
INSERT INTO EMPLOYEE  VALUES ('982968662', 'Josefina', 'Grady', 18, 22617);
INSERT INTO EMPLOYEE  VALUES ('984923037', 'Luna', 'Wilderman', 14, 14323);
INSERT INTO EMPLOYEE  VALUES ('985783448', 'Neoma', 'Fadel', 12, 60186);
INSERT INTO EMPLOYEE  VALUES ('986315885', 'Martine', 'Boyer', 10, 39578);
INSERT INTO EMPLOYEE  VALUES ('987248468', 'Abdullah', 'Gottlieb', 17, 27427);
INSERT INTO EMPLOYEE  VALUES ('987904861', 'Scotty', 'Sawayn', 19, 50703);
INSERT INTO EMPLOYEE  VALUES ('990000655', 'Ulices', 'Kovacek', 3, 12953);
INSERT INTO EMPLOYEE  VALUES ('992050710', 'Mekhi', 'Grady', 1, 50590);
INSERT INTO EMPLOYEE  VALUES ('992378895', 'Zelda', 'Corkery', 7, 64836);
INSERT INTO EMPLOYEE  VALUES ('993393889', 'Immanuel', 'Haag', 13, 20740);
INSERT INTO EMPLOYEE  VALUES ('994466365', 'Alanna', 'Durgan', 2, 46730);
INSERT INTO EMPLOYEE  VALUES ('994930489', 'Jasen', 'Stracke', 18, 40522);
INSERT INTO EMPLOYEE  VALUES ('995632714', 'Haylee', 'Hilpert', 17, 69173);
INSERT INTO EMPLOYEE  VALUES ('998467793', 'Josefina', 'Maggio', 4, 34203);
INSERT INTO EMPLOYEE  VALUES ('999713244', 'Earlene', 'Willms', 3, 42907);

INSERT INTO MANAGERS VALUES ('484201747', 1);
INSERT INTO MANAGERS VALUES ('136245929', 3);
INSERT INTO MANAGERS VALUES ('503341196', 20);
INSERT INTO MANAGERS VALUES ('518747165', 5);
INSERT INTO MANAGERS VALUES ('701697909', 11);
INSERT INTO MANAGERS VALUES ('169053461', 11);
INSERT INTO MANAGERS VALUES ('176016633', 17);
INSERT INTO MANAGERS VALUES ('393398091', 13);
INSERT INTO MANAGERS VALUES ('529558503', 4);
INSERT INTO MANAGERS VALUES ('667882895', 17);
INSERT INTO MANAGERS VALUES ('686309612', 5);
INSERT INTO MANAGERS VALUES ('769443231', 17);
INSERT INTO MANAGERS VALUES ('233232423', 20);
INSERT INTO MANAGERS VALUES ('958826819', 11);
INSERT INTO MANAGERS VALUES ('288677577', 12);
INSERT INTO MANAGERS VALUES ('354295257', 15);
INSERT INTO MANAGERS VALUES ('541196000', 7);
INSERT INTO MANAGERS VALUES ('266469000', 20);
INSERT INTO MANAGERS VALUES ('668833540', 15);
INSERT INTO MANAGERS VALUES ('738032819', 15);


INSERT INTO DRIVERS  VALUES ('965433463', 0, 1, 14);
INSERT INTO DRIVERS  VALUES ('758447662', 1, 1, 1);
INSERT INTO DRIVERS  VALUES ('375484100', 1, 1, 5);
INSERT INTO DRIVERS  VALUES ('809557075', 1, 0, 20);
INSERT INTO DRIVERS  VALUES ('420426542', 0, 1, 6);
INSERT INTO DRIVERS  VALUES ('789978391', 1, 1, 7);
INSERT INTO DRIVERS  VALUES ('390296349', 0, 1, 20);
INSERT INTO DRIVERS  VALUES ('778254713', 1, 1, 3);
INSERT INTO DRIVERS  VALUES ('189582368', 1, 1, 3);
INSERT INTO DRIVERS  VALUES ('987248468', 1, 1, 11);
INSERT INTO DRIVERS  VALUES ('422132492', 1, 1, 8);
INSERT INTO DRIVERS  VALUES ('896920323', 0, 0, 17);
INSERT INTO DRIVERS  VALUES ('629795485', 1, 0, 13);
INSERT INTO DRIVERS  VALUES ('564185500', 0, 1, 1);
INSERT INTO DRIVERS  VALUES ('263176976', 0, 0, 19);
INSERT INTO DRIVERS  VALUES ('393398091', 1, 0, 3);
INSERT INTO DRIVERS  VALUES ('177548546', 1, 1, 5);
INSERT INTO DRIVERS  VALUES ('655123761', 0, 1, 13);
INSERT INTO DRIVERS  VALUES ('390296349', 0, 0, 4);
INSERT INTO DRIVERS  VALUES ('354295257', 1, 1, 10);
INSERT INTO DRIVERS  VALUES ('686309612', 1, 1, 3);
INSERT INTO DRIVERS  VALUES ('698267692', 1, 1, 19);
INSERT INTO DRIVERS  VALUES ('952766151', 1, 1, 11);
INSERT INTO DRIVERS  VALUES ('542055784', 1, 1, 16);
INSERT INTO DRIVERS  VALUES ('463008950', 0, 1, 18);
INSERT INTO DRIVERS  VALUES ('679463047', 1, 0, 10);
INSERT INTO DRIVERS  VALUES ('230626283', 0, 0, 13);
INSERT INTO DRIVERS  VALUES ('679463047', 0, 0, 10);
INSERT INTO DRIVERS  VALUES ('387835725', 1, 0, 12);
INSERT INTO DRIVERS  VALUES ('608313024', 1, 0, 13);
INSERT INTO DRIVERS  VALUES ('986315885', 0, 0, 15);
INSERT INTO DRIVERS  VALUES ('966282238', 0, 0, 2);
INSERT INTO DRIVERS  VALUES ('823178289', 1, 0, 18);
INSERT INTO DRIVERS  VALUES ('273565874', 0, 1, 9);
INSERT INTO DRIVERS  VALUES ('421114604', 0, 0, 7);
INSERT INTO DRIVERS  VALUES ('327147754', 1, 0, 11);
INSERT INTO DRIVERS  VALUES ('572893415', 0, 0, 15);
INSERT INTO DRIVERS  VALUES ('589289402', 0, 0, 10);
INSERT INTO DRIVERS  VALUES ('197090523', 1, 0, 10);
INSERT INTO DRIVERS  VALUES ('627316831', 0, 1, 18);
INSERT INTO DRIVERS  VALUES ('698782927', 1, 0, 12);
INSERT INTO DRIVERS  VALUES ('400290299', 0, 1, 12);
INSERT INTO DRIVERS  VALUES ('620779388', 0, 1, 14);
INSERT INTO DRIVERS  VALUES ('520318806', 1, 0, 10);
INSERT INTO DRIVERS  VALUES ('969162214', 0, 0, 11);
INSERT INTO DRIVERS  VALUES ('159317997', 1, 0, 16);
INSERT INTO DRIVERS  VALUES ('393398091', 0, 1, 18);
INSERT INTO DRIVERS  VALUES ('266469000', 0, 0, 4);
INSERT INTO DRIVERS  VALUES ('325494504', 0, 1, 12);
INSERT INTO DRIVERS  VALUES ('325815065', 1, 1, 17);
INSERT INTO DRIVERS  VALUES ('982968662', 1, 1, 11);
INSERT INTO DRIVERS  VALUES ('973385527', 1, 0, 7);
INSERT INTO DRIVERS  VALUES ('367153363', 1, 0, 16);
INSERT INTO DRIVERS  VALUES ('500996418', 0, 0, 11);
INSERT INTO DRIVERS  VALUES ('560908359', 1, 0, 2);
INSERT INTO DRIVERS  VALUES ('572893415', 0, 0, 12);
INSERT INTO DRIVERS  VALUES ('354855733', 1, 1, 17);
INSERT INTO DRIVERS  VALUES ('771670376', 0, 0, 17);
INSERT INTO DRIVERS  VALUES ('494639481', 1, 1, 4);
INSERT INTO DRIVERS  VALUES ('450327294', 1, 0, 15);
INSERT INTO DRIVERS  VALUES ('713900356', 1, 1, 8);
INSERT INTO DRIVERS  VALUES ('196710271', 0, 0, 19);
INSERT INTO DRIVERS  VALUES ('797527932', 0, 0, 8);
INSERT INTO DRIVERS  VALUES ('148353254', 1, 1, 1);
INSERT INTO DRIVERS  VALUES ('530541262', 0, 1, 15);
INSERT INTO DRIVERS  VALUES ('187764252', 0, 0, 17);
INSERT INTO DRIVERS  VALUES ('491430178', 1, 1, 4);
INSERT INTO DRIVERS  VALUES ('959761896', 0, 1, 11);
INSERT INTO DRIVERS  VALUES ('498403374', 1, 1, 20);
INSERT INTO DRIVERS  VALUES ('871351956', 0, 1, 5);
INSERT INTO DRIVERS  VALUES ('542055784', 1, 0, 10);
INSERT INTO DRIVERS  VALUES ('500996418', 0, 0, 13);
INSERT INTO DRIVERS  VALUES ('547105213', 0, 0, 20);
INSERT INTO DRIVERS  VALUES ('744510372', 0, 1, 16);
INSERT INTO DRIVERS  VALUES ('362633116', 0, 1, 15);
INSERT INTO DRIVERS  VALUES ('395245031', 0, 0, 17);
INSERT INTO DRIVERS  VALUES ('362633116', 0, 1, 1);
INSERT INTO DRIVERS  VALUES ('609349356', 1, 0, 8);
INSERT INTO DRIVERS  VALUES ('396712735', 0, 0, 17);
INSERT INTO DRIVERS  VALUES ('850218660', 0, 0, 7);
INSERT INTO DRIVERS  VALUES ('585798001', 1, 0, 5);
INSERT INTO DRIVERS  VALUES ('796302264', 1, 1, 17);
INSERT INTO DRIVERS  VALUES ('701697909', 0, 1, 7);
INSERT INTO DRIVERS  VALUES ('293030646', 1, 0, 9);
INSERT INTO DRIVERS  VALUES ('367153363', 1, 1, 8);
INSERT INTO DRIVERS  VALUES ('903834694', 1, 0, 7);
INSERT INTO DRIVERS  VALUES ('187764252', 0, 0, 10);
INSERT INTO DRIVERS  VALUES ('895394749', 0, 0, 3);
INSERT INTO DRIVERS  VALUES ('314613610', 0, 1, 9);
INSERT INTO DRIVERS  VALUES ('246610018', 1, 0, 11);
INSERT INTO DRIVERS  VALUES ('802047051', 1, 0, 9);
INSERT INTO DRIVERS  VALUES ('992378895', 0, 1, 6);
INSERT INTO DRIVERS  VALUES ('424549772', 0, 0, 2);
INSERT INTO DRIVERS  VALUES ('864902626', 0, 0, 16);
INSERT INTO DRIVERS  VALUES ('461817554', 0, 1, 1);
INSERT INTO DRIVERS  VALUES ('148353254', 1, 1, 10);
INSERT INTO DRIVERS  VALUES ('640859500', 0, 1, 6);
INSERT INTO DRIVERS  VALUES ('510201187', 0, 0, 15);
INSERT INTO DRIVERS  VALUES ('486352347', 1, 1, 13);
INSERT INTO DRIVERS  VALUES ('214895679', 1, 1, 17);
INSERT INTO DRIVERS  VALUES ('352804581', 0, 0, 17);
INSERT INTO DRIVERS  VALUES ('624738494', 0, 0, 17);
INSERT INTO DRIVERS  VALUES ('547105213', 0, 0, 2);
INSERT INTO DRIVERS  VALUES ('189481301', 0, 0, 15);
INSERT INTO DRIVERS  VALUES ('986315885', 1, 0, 18);
INSERT INTO DRIVERS  VALUES ('454106840', 1, 0, 13);
INSERT INTO DRIVERS  VALUES ('495157517', 0, 1, 12);
INSERT INTO DRIVERS  VALUES ('273245584', 0, 0, 15);
INSERT INTO DRIVERS  VALUES ('544378388', 0, 0, 12);
INSERT INTO DRIVERS  VALUES ('321802290', 0, 1, 13);
INSERT INTO DRIVERS  VALUES ('324780124', 0, 1, 13);
INSERT INTO DRIVERS  VALUES ('632772600', 0, 1, 19);
INSERT INTO DRIVERS  VALUES ('475291594', 1, 0, 8);
INSERT INTO DRIVERS  VALUES ('683170952', 0, 0, 9);
INSERT INTO DRIVERS  VALUES ('446532686', 0, 0, 17);
INSERT INTO DRIVERS  VALUES ('560908359', 1, 1, 19);
INSERT INTO DRIVERS  VALUES ('603911809', 0, 0, 8);
INSERT INTO DRIVERS  VALUES ('441460039', 1, 0, 19);
INSERT INTO DRIVERS  VALUES ('265693301', 1, 1, 15);
INSERT INTO DRIVERS  VALUES ('430406875', 1, 0, 20);
INSERT INTO DRIVERS  VALUES ('226886780', 1, 1, 18);
INSERT INTO DRIVERS  VALUES ('325815065', 0, 0, 18);
INSERT INTO DRIVERS  VALUES ('767859513', 0, 0, 11);
INSERT INTO DRIVERS  VALUES ('978391165', 0, 1, 3);
INSERT INTO DRIVERS  VALUES ('561511789', 1, 1, 2);
INSERT INTO DRIVERS  VALUES ('752100929', 0, 0, 14);
INSERT INTO DRIVERS  VALUES ('335967583', 0, 1, 17);
INSERT INTO DRIVERS  VALUES ('965083875', 0, 0, 12);
INSERT INTO DRIVERS  VALUES ('818508595', 0, 1, 5);
INSERT INTO DRIVERS  VALUES ('191407400', 0, 1, 4);
INSERT INTO DRIVERS  VALUES ('809557075', 0, 1, 6);
INSERT INTO DRIVERS  VALUES ('445924897', 1, 0, 14);
INSERT INTO DRIVERS  VALUES ('541196000', 1, 0, 19);
INSERT INTO DRIVERS  VALUES ('211222319', 1, 0, 3);
INSERT INTO DRIVERS  VALUES ('603911809', 0, 1, 5);
INSERT INTO DRIVERS  VALUES ('323729132', 1, 0, 5);
INSERT INTO DRIVERS  VALUES ('632772600', 0, 1, 14);
INSERT INTO DRIVERS  VALUES ('362633116', 1, 0, 11);
INSERT INTO DRIVERS  VALUES ('700622129', 0, 1, 15);
INSERT INTO DRIVERS  VALUES ('667882895', 0, 0, 6);
INSERT INTO DRIVERS  VALUES ('500996418', 1, 1, 9);
INSERT INTO DRIVERS  VALUES ('987904861', 0, 0, 11);
INSERT INTO DRIVERS  VALUES ('591059649', 0, 0, 12);
INSERT INTO DRIVERS  VALUES ('117051394', 1, 1, 10);
INSERT INTO DRIVERS  VALUES ('801363572', 0, 1, 3);
INSERT INTO DRIVERS  VALUES ('499652666', 0, 0, 17);
INSERT INTO DRIVERS  VALUES ('269375296', 0, 1, 16);
INSERT INTO DRIVERS  VALUES ('395245031', 1, 1, 20);
INSERT INTO DRIVERS  VALUES ('918878371', 0, 1, 3);
INSERT INTO DRIVERS  VALUES ('749181731', 0, 0, 6);


INSERT INTO DEPENDENTS VALUES ('534248444', 'qui', 'Christa', 'Bashirian', 7354880020, 5);
INSERT INTO DEPENDENTS VALUES ('806944860', 'ratione', 'Ervin', 'Pfeffer', 5064306279, 9);
INSERT INTO DEPENDENTS VALUES ('603911809', 'adipisci', 'Stanton', 'Fritsch', 8100200498, 3);
INSERT INTO DEPENDENTS VALUES ('268916062', 'quis', 'Federico', 'Simonis', 9205123024, 0);
INSERT INTO DEPENDENTS VALUES ('509439251', 'veniam', 'Webster', 'West', 9400318451, 0);
INSERT INTO DEPENDENTS VALUES ('458741392', 'sed', 'Frederik', 'Bashirian', 9953736791, 1);
INSERT INTO DEPENDENTS VALUES ('914192782', 'iste', 'Felix', 'Kuvalis', 7313175263, 0);
INSERT INTO DEPENDENTS VALUES ('713346016', 'ad', 'Marquise', 'Koepp', 8823797984, 0);
INSERT INTO DEPENDENTS VALUES ('130539912', 'aut', 'Valentina', 'Streich', 5490784781, 0);
INSERT INTO DEPENDENTS VALUES ('700622129', 'natus', 'Billie', 'Hagenes', 3426490748, 0);
INSERT INTO DEPENDENTS VALUES ('199964973', 'qui', 'Arturo', 'Pfannerstill', 7144692279, 2);
INSERT INTO DEPENDENTS VALUES ('655370130', 'asperiores', 'Ethel', 'Pagac', 7048556759, 8);
INSERT INTO DEPENDENTS VALUES ('253895700', 'eaque', 'Rahul', 'Hermann', 9146245945, 0);
INSERT INTO DEPENDENTS VALUES ('657567938', 'velit', 'Tate', 'Hauck', 6456650350, 9);
INSERT INTO DEPENDENTS VALUES ('800439932', 'unde', 'Athena', 'Wintheiser', 7094713896, 4);
INSERT INTO DEPENDENTS VALUES ('431046892', 'voluptatibus', 'Brandi', 'Casper', 8210384224, 7);
INSERT INTO DEPENDENTS VALUES ('964168524', 'officia', 'Tracy', 'Raynor', 5276978388, 2);
INSERT INTO DEPENDENTS VALUES ('823178289', 'eligendi', 'Ruthe', 'Carter', 3277645880, 0);
INSERT INTO DEPENDENTS VALUES ('958826819', 'et', 'Minnie', 'Spencer', 4311212942, 0);
INSERT INTO DEPENDENTS VALUES ('327147754', 'rerum', 'Noelia', 'Kilback', 1478706821, 4);
INSERT INTO DEPENDENTS VALUES ('197090523', 'sunt', 'Jon', 'Carroll', 7230242879, 0);
INSERT INTO DEPENDENTS VALUES ('400116985', 'dolores', 'Roslyn', 'Schmidt', 6547750284, 0);
INSERT INTO DEPENDENTS VALUES ('255203395', 'autem', 'Doris', 'Schiller', 7469483808, 8);
INSERT INTO DEPENDENTS VALUES ('323729132', 'ea', 'Brandyn', 'Abernathy', 2326507514, 0);
INSERT INTO DEPENDENTS VALUES ('446232489', 'minus', 'Myra', 'Tillman', 4011361147, 0);
INSERT INTO DEPENDENTS VALUES ('499652666', 'quidem', 'Herbert', 'Roob', 7525313053, 0);
INSERT INTO DEPENDENTS VALUES ('239954694', 'repellendus', 'Adolphus', 'Effertz', 7821387967, 2);
INSERT INTO DEPENDENTS VALUES ('356742162', 'voluptatem', 'Morgan', 'Aufderhar', 3456977158, 0);
INSERT INTO DEPENDENTS VALUES ('738032819', 'quasi', 'Deron', 'Howe', 1452440068, 3);
INSERT INTO DEPENDENTS VALUES ('400290299', 'dolor', 'Kennedi', 'Hegmann', 2417162826, 0);
INSERT INTO DEPENDENTS VALUES ('818508595', 'similique', 'Naomi', 'Frami', 2258310673, 7);
INSERT INTO DEPENDENTS VALUES ('410839132', 'voluptas', 'Clinton', 'Treutel', 7284627796, 0);
INSERT INTO DEPENDENTS VALUES ('990000655', 'aperiam', 'Cruz', 'Walter', 3843232455, 9);
INSERT INTO DEPENDENTS VALUES ('133920986', 'quia', 'Martin', 'Robel', 4450256360, 0);
INSERT INTO DEPENDENTS VALUES ('659611393', 'laboriosam', 'Roma', 'Hoeger', 1371493790, 0);
INSERT INTO DEPENDENTS VALUES ('694279537', 'nam', 'Trent', 'Spinka', 1251323003, 0);
INSERT INTO DEPENDENTS VALUES ('752274619', 'omnis', 'Deborah', 'Buckridge', 4427944839, 0);
INSERT INTO DEPENDENTS VALUES ('659611393', 'possimus', 'Beverly', 'Kerluke', 4592463994, 4);
INSERT INTO DEPENDENTS VALUES ('234585201', 'voluptas', 'Hayley', 'Runolfsdottir', 6856571651, 0);
INSERT INTO DEPENDENTS VALUES ('359578371', 'rerum', 'Sabryna', 'Schiller', 5383302726, 4);
INSERT INTO DEPENDENTS VALUES ('547105213', 'hic', 'Benjamin', 'Huel', 8332765387, 2);
INSERT INTO DEPENDENTS VALUES ('434225597', 'eaque', 'Ron', 'Beatty', 7928323874, 0);
INSERT INTO DEPENDENTS VALUES ('921479198', 'voluptas', 'Abigale', 'Jacobi', 6163609309, 8);
INSERT INTO DEPENDENTS VALUES ('767859513', 'cum', 'Lue', 'Hettinger', 7353950565, 2);
INSERT INTO DEPENDENTS VALUES ('233232423', 'earum', 'Rosie', 'Heidenreich', 5673724797, 3);
INSERT INTO DEPENDENTS VALUES ('797527932', 'mollitia', 'Westley', 'Schumm', 7255850305, 0);
INSERT INTO DEPENDENTS VALUES ('241824169', 'veniam', 'Macey', 'Kautzer', 1861560932, 0);
INSERT INTO DEPENDENTS VALUES ('699194147', 'praesentium', 'Lorenzo', 'Conn', 3546374427, 0);
INSERT INTO DEPENDENTS VALUES ('874648889', 'consectetur', 'Monte', 'Pollich', 3924358760, 5);
INSERT INTO DEPENDENTS VALUES ('334695596', 'perferendis', 'Hellen', 'Wilkinson', 3786413706, 0);
INSERT INTO DEPENDENTS VALUES ('770785289', 'hic', 'Daija', 'Ankunding', 5540216970, 0);
INSERT INTO DEPENDENTS VALUES ('320573047', 'cupiditate', 'Bennett', 'Ortiz', 2053043962, 6);
INSERT INTO DEPENDENTS VALUES ('293855014', 'quos', 'Ryley', 'Haag', 9951131600, 0);
INSERT INTO DEPENDENTS VALUES ('965433463', 'et', 'Aimee', 'Parisian', 3642117803, 0);
INSERT INTO DEPENDENTS VALUES ('203740371', 'repellat', 'Jayda', 'Wunsch', 7359084337, 4);
INSERT INTO DEPENDENTS VALUES ('632772600', 'necessitatibus', 'Moses', 'Jast', 4674293328, 0);
INSERT INTO DEPENDENTS VALUES ('493818571', 'sit', 'Zane', 'Streich', 4128394751, 6);
INSERT INTO DEPENDENTS VALUES ('793904006', 'dolorem', 'Gustave', 'Upton', 8128588617, 0);
INSERT INTO DEPENDENTS VALUES ('968765236', 'velit', 'Macey', 'Kautzer', 7583472111, 8);
INSERT INTO DEPENDENTS VALUES ('861716263', 'sit', 'Mariam', 'Kuvalis', 2937317519, 0);
INSERT INTO DEPENDENTS VALUES ('417595826', 'culpa', 'Marcus', 'Hintz', 5109839617, 0);
INSERT INTO DEPENDENTS VALUES ('254199688', 'veritatis', 'Juliana', 'Steuber', 4815166269, 0);
INSERT INTO DEPENDENTS VALUES ('370089283', 'possimus', 'Giovanni', 'Ledner', 7630644084, 3);
INSERT INTO DEPENDENTS VALUES ('515694459', 'ea', 'Mathew', 'Heidenreich', 3348739308, 0);
INSERT INTO DEPENDENTS VALUES ('627316831', 'vero', 'Keely', 'Mertz', 7511473558, 0);
INSERT INTO DEPENDENTS VALUES ('220221458', 'nemo', 'Skyla', 'Fadel', 3975598733, 4);
INSERT INTO DEPENDENTS VALUES ('396712735', 'aut', 'Cassandra', 'Wisozk', 4837944457, 4);
INSERT INTO DEPENDENTS VALUES ('982968662', 'quas', 'Chyna', 'Heathcote', 8973117719, 6);
INSERT INTO DEPENDENTS VALUES ('769443231', 'voluptatem', 'Keven', 'Kiehn', 8759812460, 0);
INSERT INTO DEPENDENTS VALUES ('195070078', 'aliquam', 'Margot', 'Wilderman', 7293825199, 0);
INSERT INTO DEPENDENTS VALUES ('421114604', 'unde', 'Jasmin', 'Emmerich', 3441558943, 0);
INSERT INTO DEPENDENTS VALUES ('288677577', 'sapiente', 'Kameron', 'Fahey', 6486817548, 9);
INSERT INTO DEPENDENTS VALUES ('298928056', 'adipisci', 'Abbie', 'Donnelly', 2304424134, 0);
INSERT INTO DEPENDENTS VALUES ('482739959', 'qui', 'Thad', 'Auer', 3156579716, 0);
INSERT INTO DEPENDENTS VALUES ('713900356', 'provident', 'Lavonne', 'Stoltenberg', 7732262230, 1);
INSERT INTO DEPENDENTS VALUES ('655123761', 'cum', 'Esmeralda', 'Pacocha', 9140479510, 8);
INSERT INTO DEPENDENTS VALUES ('529558503', 'quisquam', 'Blanca', 'Green', 1186877993, 0);
INSERT INTO DEPENDENTS VALUES ('298643703', 'accusantium', 'Jamil', 'Kshlerin', 3365115792, 8);
INSERT INTO DEPENDENTS VALUES ('177481713', 'vel', 'Sofia', 'Kuvalis', 6636482576, 0);
INSERT INTO DEPENDENTS VALUES ('978391165', 'odit', 'Milo', 'Padberg', 9995557785, 0);
INSERT INTO DEPENDENTS VALUES ('133920986', 'molestias', 'Arne', 'Quitzon', 3087882825, 0);
INSERT INTO DEPENDENTS VALUES ('534227044', 'nisi', 'Aurore', 'Schumm', 8873697390, 0);
INSERT INTO DEPENDENTS VALUES ('992050710', 'qui', 'Theresa', 'O''Conner', 4726825517, 7);
INSERT INTO DEPENDENTS VALUES ('493818571', 'id', 'Christelle', 'Yost', 1112857676, 9);
INSERT INTO DEPENDENTS VALUES ('643188654', 'repudiandae', 'Brain', 'Zieme', 4458865357, 0);
INSERT INTO DEPENDENTS VALUES ('177548546', 'est', 'Dina', 'Waelchi', 4580874993, 0);
INSERT INTO DEPENDENTS VALUES ('325021014', 'tempora', 'Mylene', 'Hand', 2248133226, 8);
INSERT INTO DEPENDENTS VALUES ('502351035', 'accusantium', 'Muriel', 'Okuneva', 8626554090, 4);
INSERT INTO DEPENDENTS VALUES ('758447662', 'quia', 'Laurie', 'Rutherford', 7653962998, 8);
INSERT INTO DEPENDENTS VALUES ('605504450', 'porro', 'Edythe', 'Flatley', 5255656739, 0);
INSERT INTO DEPENDENTS VALUES ('176686541', 'aut', 'Aditya', 'Schaefer', 7276392347, 0);
INSERT INTO DEPENDENTS VALUES ('325494504', 'omnis', 'Richmond', 'Toy', 2744548540, 0);
INSERT INTO DEPENDENTS VALUES ('661000548', 'saepe', 'Sienna', 'Gleason', 1973643745, 4);
INSERT INTO DEPENDENTS VALUES ('167308803', 'veniam', 'Faustino', 'Schneider', 6618964936, 2);
INSERT INTO DEPENDENTS VALUES ('778254713', 'nam', 'Nick', 'Quigley', 1614716653, 6);
INSERT INTO DEPENDENTS VALUES ('950509870', 'itaque', 'Maxie', 'Marvin', 1332167970, 0);
INSERT INTO DEPENDENTS VALUES ('639376120', 'et', 'Jakob', 'Lindgren', 6944203202, 0);
INSERT INTO DEPENDENTS VALUES ('323729132', 'provident', 'Keara', 'Luettgen', 5690644188, 0);
INSERT INTO DEPENDENTS VALUES ('454106840', 'quia', 'Dianna', 'Borer', 7584130855, 8);
INSERT INTO DEPENDENTS VALUES ('245089255', 'animi', 'Kelsie', 'Maggio', 9432025849, 0);

INSERT INTO VEH_LIFESPAN VALUES ('\"Chevy Calviler\"', 157828);
INSERT INTO VEH_LIFESPAN VALUES ('\"Chevy Equinox\"', 109702);
INSERT INTO VEH_LIFESPAN VALUES ('\"Ford F150\"', 76816);
INSERT INTO VEH_LIFESPAN VALUES ('\"Ford Fusion\"', 175205);
INSERT INTO VEH_LIFESPAN VALUES ('\"Lincon Logger\"', 72310);
INSERT INTO VEH_LIFESPAN VALUES ('\"Lincon Towncar\"', 89117);
INSERT INTO VEH_LIFESPAN VALUES ('\"Nissan Altima\"', 96228);
INSERT INTO VEH_LIFESPAN VALUES ('\"Nissan Jolt\"', 197535);
INSERT INTO VEH_LIFESPAN VALUES ('\"Toyota Tahcoma\"', 116553);
INSERT INTO VEH_LIFESPAN VALUES ('\"Toyota Titan\"', 85606);

INSERT INTO VEHICLES VALUES ('0btky95nmxn226370', 'dmo558', 1973, '\"Lincon Towncar\"', 1, 134848);
INSERT INTO VEHICLES VALUES ('0cwtl96fbeu708536', 'yty509', 1973, '\"Chevy Calviler\"', 1, 175500);
INSERT INTO VEHICLES VALUES ('0egdu93ucrv919924', 'nbi715', 2000, '\"Lincon Towncar\"', 1, 53590);
INSERT INTO VEHICLES VALUES ('0ewez77krqr315485', 'pai241', 1970, '\"Toyota Tahcoma\"', 1, 84204);
INSERT INTO VEHICLES VALUES ('0ildg21zlvm650102', 'vfw272', 1987, '\"Chevy Calviler\"', 0, 132868);
INSERT INTO VEHICLES VALUES ('0jidp41dvhv148009', 'ezc878', 2008, '\"Chevy Calviler\"', 1, 93225);
INSERT INTO VEHICLES VALUES ('0mnwc89ceor568770', 'odb668', 1984, '\"Ford Fusion\"', 1, 71731);
INSERT INTO VEHICLES VALUES ('0nhfu20ucdw767880', 'lni022', 2011, '\"Ford Fusion\"', 1, 79491);
INSERT INTO VEHICLES VALUES ('0omdr33kdum274501', 'exf888', 2011, '\"Chevy Calviler\"', 1, 131159);
INSERT INTO VEHICLES VALUES ('0owrp03euon728162', 'rwc799', 1975, '\"Chevy Calviler\"', 1, 186367);
INSERT INTO VEHICLES VALUES ('0oxfm22liig882359', 'oux369', 2008, '\"Ford Fusion\"', 1, 82055);
INSERT INTO VEHICLES VALUES ('0prvd01cglt644784', 'vpn809', 2009, '\"Toyota Tahcoma\"', 1, 177323);
INSERT INTO VEHICLES VALUES ('0rkiv21pmxh995870', 'hgi497', 1970, '\"Chevy Calviler\"', 1, 101859);
INSERT INTO VEHICLES VALUES ('0rmrt97brya591135', 'xvr550', 1976, '\"Lincon Towncar\"', 1, 164866);
INSERT INTO VEHICLES VALUES ('0tzep01pawj149299', 'uyb348', 2014, '\"Toyota Tahcoma\"', 1, 91669);
INSERT INTO VEHICLES VALUES ('0ustv20fhsy937839', 'mys396', 2009, '\"Lincon Towncar\"', 1, 147875);
INSERT INTO VEHICLES VALUES ('0ykzt14slar932093', 'tnb838', 1996, '\"Ford Fusion\"', 1, 157425);
INSERT INTO VEHICLES VALUES ('0yprj18piwc544424', 'yql494', 2015, '\"Toyota Tahcoma\"', 1, 72684);
INSERT INTO VEHICLES VALUES ('1bgea85dzwd937310', 'wjk533', 1994, '\"Ford Fusion\"', 0, 181399);
INSERT INTO VEHICLES VALUES ('1dzna78kplj915758', 'iui757', 2002, '\"Lincon Towncar\"', 1, 81043);
INSERT INTO VEHICLES VALUES ('1ewhr00nvtr287257', 'alx309', 2001, '\"Ford Fusion\"', 1, 102221);
INSERT INTO VEHICLES VALUES ('1fqgj68dsbt087643', 'pbm444', 1975, '\"Lincon Towncar\"', 1, 117519);
INSERT INTO VEHICLES VALUES ('1gmax44vwcw394870', 'ptj669', 2012, '\"Ford Fusion\"', 1, 126590);
INSERT INTO VEHICLES VALUES ('1hemc14qhug843205', 'kuw924', 1995, '\"Chevy Calviler\"', 1, 117969);
INSERT INTO VEHICLES VALUES ('1ixrk53hchq192062', 'qea459', 1983, '\"Toyota Tahcoma\"', 1, 156072);
INSERT INTO VEHICLES VALUES ('1kjrd56cbct323865', 'fpa101', 1991, '\"Toyota Tahcoma\"', 1, 67960);
INSERT INTO VEHICLES VALUES ('1kufx75bkzz291399', 'pob785', 1997, '\"Chevy Calviler\"', 1, 167620);
INSERT INTO VEHICLES VALUES ('1pgkc89utmb494177', 'byj322', 2001, '\"Lincon Towncar\"', 1, 152905);
INSERT INTO VEHICLES VALUES ('1rhbk47lpnd564117', 'lgd693', 1985, '\"Ford Fusion\"', 1, 151772);
INSERT INTO VEHICLES VALUES ('1sfmr65ctaz708624', 'cjq471', 1988, '\"Ford Fusion\"', 1, 102789);
INSERT INTO VEHICLES VALUES ('1sfwo39kdjs177916', 'ekc188', 2012, '\"Ford Fusion\"', 1, 136898);
INSERT INTO VEHICLES VALUES ('1txee62rjbs081580', 'vnu156', 2017, '\"Toyota Tahcoma\"', 1, 149868);
INSERT INTO VEHICLES VALUES ('1whas98gvrs851699', 'alb157', 1986, '\"Lincon Towncar\"', 1, 100405);
INSERT INTO VEHICLES VALUES ('1wjrr41kaur761572', 'zyi674', 1970, '\"Lincon Towncar\"', 1, 112275);
INSERT INTO VEHICLES VALUES ('1xjio43twpl809604', 'ayn760', 1991, '\"Toyota Tahcoma\"', 1, 83035);
INSERT INTO VEHICLES VALUES ('1xnbs92qjsn116148', 'xlj935', 1998, '\"Lincon Towncar\"', 1, 110248);
INSERT INTO VEHICLES VALUES ('1ykak92vevt919046', 'vgg417', 2007, '\"Lincon Towncar\"', 1, 119343);
INSERT INTO VEHICLES VALUES ('1ywby81bsry151233', 'hsm680', 1972, '\"Chevy Calviler\"', 1, 92785);
INSERT INTO VEHICLES VALUES ('2bcss29rcam956197', 'saf774', 1977, '\"Toyota Tahcoma\"', 1, 85270);
INSERT INTO VEHICLES VALUES ('2bfjw96axah127002', 'xmw190', 1991, '\"Lincon Towncar\"', 0, 172548);
INSERT INTO VEHICLES VALUES ('2dftq30efqx064804', 'hpx705', 2016, '\"Toyota Tahcoma\"', 1, 79606);
INSERT INTO VEHICLES VALUES ('2ertq03nsvn531693', 'ukh832', 1989, '\"Toyota Tahcoma\"', 0, 55359);
INSERT INTO VEHICLES VALUES ('2fmzk77ptij016101', 'apj598', 2002, '\"Ford Fusion\"', 0, 135918);
INSERT INTO VEHICLES VALUES ('2glvc84umoo588827', 'mqn334', 1977, '\"Toyota Tahcoma\"', 0, 84819);
INSERT INTO VEHICLES VALUES ('2gwsc85isei703499', 'vjc778', 1973, '\"Toyota Tahcoma\"', 1, 66940);
INSERT INTO VEHICLES VALUES ('2jdrj53wmeu584414', 'tjz813', 2005, '\"Toyota Tahcoma\"', 1, 148742);
INSERT INTO VEHICLES VALUES ('2knlc05cdpx991463', 'tte069', 2009, '\"Ford Fusion\"', 1, 184559);
INSERT INTO VEHICLES VALUES ('2kvhy99nkbd239591', 'oag654', 1986, '\"Chevy Calviler\"', 1, 98953);
INSERT INTO VEHICLES VALUES ('2kxue48pqyl758302', 'gep908', 1987, '\"Lincon Towncar\"', 1, 99787);
INSERT INTO VEHICLES VALUES ('2mugg74iitl696790', 'ipr631', 1975, '\"Chevy Calviler\"', 1, 72236);
INSERT INTO VEHICLES VALUES ('2napy34xweh988919', 'ayx646', 1981, '\"Ford Fusion\"', 1, 160924);
INSERT INTO VEHICLES VALUES ('2rbed87uruh712173', 'zmr168', 1976, '\"Ford Fusion\"', 1, 198742);
INSERT INTO VEHICLES VALUES ('2sdic15wviw144086', 'bit642', 1999, '\"Toyota Tahcoma\"', 1, 78553);
INSERT INTO VEHICLES VALUES ('2tfgc72ydjp717385', 'hfq682', 2011, '\"Lincon Towncar\"', 0, 100524);
INSERT INTO VEHICLES VALUES ('2tgdc79rtld990285', 'soj191', 1987, '\"Chevy Calviler\"', 1, 198221);
INSERT INTO VEHICLES VALUES ('2wjtx06vfgs414042', 'lqo001', 1991, '\"Chevy Calviler\"', 1, 131782);
INSERT INTO VEHICLES VALUES ('2yerf20mvzi798336', 'ktc407', 1997, '\"Lincon Towncar\"', 1, 180204);
INSERT INTO VEHICLES VALUES ('2zdhn29zvau731790', 'xbk081', 1996, '\"Toyota Tahcoma\"', 1, 120989);
INSERT INTO VEHICLES VALUES ('2zitf46myzf376918', 'oof469', 2016, '\"Ford Fusion\"', 0, 108109);
INSERT INTO VEHICLES VALUES ('2zrrv20rxyo343589', 'wkv776', 1994, '\"Chevy Calviler\"', 1, 127951);
INSERT INTO VEHICLES VALUES ('2zsay18jktp640223', 'civ459', 2007, '\"Lincon Towncar\"', 1, 66002);
INSERT INTO VEHICLES VALUES ('2zudv37byap740338', 'cbe423', 2000, '\"Ford Fusion\"', 1, 54464);
INSERT INTO VEHICLES VALUES ('3axxz90xlun961356', 'phf028', 1980, '\"Chevy Calviler\"', 1, 174736);
INSERT INTO VEHICLES VALUES ('3bdrr21glmd893580', 'tjw782', 2011, '\"Chevy Calviler\"', 1, 113507);
INSERT INTO VEHICLES VALUES ('3dguq53qgis049128', 'fsz328', 1985, '\"Chevy Calviler\"', 0, 100997);
INSERT INTO VEHICLES VALUES ('3ekmz11jdlg386109', 'xsz202', 2013, '\"Lincon Towncar\"', 0, 193610);
INSERT INTO VEHICLES VALUES ('3eosk63kdrs958659', 'dsz090', 1982, '\"Chevy Calviler\"', 0, 65170);
INSERT INTO VEHICLES VALUES ('3gaah47jpgb314515', 'exb652', 2015, '\"Chevy Calviler\"', 1, 75152);
INSERT INTO VEHICLES VALUES ('3gkur21rlqz366346', 'ajf950', 1994, '\"Lincon Towncar\"', 1, 168837);
INSERT INTO VEHICLES VALUES ('3hlwo84mzjk795748', 'sai559', 2000, '\"Ford Fusion\"', 0, 186290);
INSERT INTO VEHICLES VALUES ('3jdjq01rrsb252064', 'spf615', 1995, '\"Toyota Tahcoma\"', 1, 90351);
INSERT INTO VEHICLES VALUES ('3jodh87nuqh691089', 'eia721', 1970, '\"Chevy Calviler\"', 1, 104750);
INSERT INTO VEHICLES VALUES ('3jvcv74cdqs417521', 'egz143', 1974, '\"Chevy Calviler\"', 0, 100430);
INSERT INTO VEHICLES VALUES ('3kygr71rnfu254295', 'yxk044', 2005, '\"Lincon Towncar\"', 1, 112395);
INSERT INTO VEHICLES VALUES ('3nido51yoyz063869', 'ssx738', 1983, '\"Toyota Tahcoma\"', 1, 53520);
INSERT INTO VEHICLES VALUES ('3nxab22gqwg136920', 'gnc771', 1982, '\"Ford Fusion\"', 1, 145497);
INSERT INTO VEHICLES VALUES ('3ohru73ezmc836272', 'xmd098', 2008, '\"Toyota Tahcoma\"', 1, 109728);
INSERT INTO VEHICLES VALUES ('3taio82dbml932750', 'skb934', 2001, '\"Chevy Calviler\"', 1, 95192);
INSERT INTO VEHICLES VALUES ('3ugzt35gzxa367313', 'ezf104', 1975, '\"Toyota Tahcoma\"', 1, 69565);
INSERT INTO VEHICLES VALUES ('3vaji26qbkm251458', 'ylu567', 1983, '\"Chevy Calviler\"', 1, 121180);
INSERT INTO VEHICLES VALUES ('3ybap60owmx983368', 'vug903', 1986, '\"Toyota Tahcoma\"', 0, 192695);
INSERT INTO VEHICLES VALUES ('3yhct46nzwt229546', 'zkg430', 1982, '\"Lincon Towncar\"', 1, 150374);
INSERT INTO VEHICLES VALUES ('3ztkp14ciyy379756', 'drp149', 2008, '\"Ford Fusion\"', 0, 155729);
INSERT INTO VEHICLES VALUES ('4affl46ipek374958', 'arr503', 1980, '\"Toyota Tahcoma\"', 1, 93184);
INSERT INTO VEHICLES VALUES ('4bfxw70dunm289223', 'asg048', 1978, '\"Chevy Calviler\"', 0, 188522);
INSERT INTO VEHICLES VALUES ('4dpnp26mzwu386904', 'zbs962', 2016, '\"Chevy Calviler\"', 1, 118589);
INSERT INTO VEHICLES VALUES ('4dtip87auxs305817', 'tmr144', 1999, '\"Chevy Calviler\"', 0, 127475);
INSERT INTO VEHICLES VALUES ('4ewpx25rgfo333581', 'cxf865', 1984, '\"Chevy Calviler\"', 1, 50663);
INSERT INTO VEHICLES VALUES ('4kfvq44fvxq697100', 'lcg941', 2015, '\"Chevy Calviler\"', 1, 149461);
INSERT INTO VEHICLES VALUES ('4mtzs58kpvw725394', 'inb172', 2016, '\"Chevy Calviler\"', 1, 179049);
INSERT INTO VEHICLES VALUES ('4njpc42dgmd057189', 'aoj458', 2013, '\"Toyota Tahcoma\"', 1, 172263);
INSERT INTO VEHICLES VALUES ('4oetx72plvd395404', 'muf185', 2008, '\"Chevy Calviler\"', 1, 168346);
INSERT INTO VEHICLES VALUES ('4ogye97btwe658054', 'ode171', 1976, '\"Chevy Calviler\"', 1, 101479);
INSERT INTO VEHICLES VALUES ('4phlj61btse167172', 'ioo283', 1999, '\"Chevy Calviler\"', 1, 120944);
INSERT INTO VEHICLES VALUES ('4qfkc59xjtf695416', 'dkl438', 2008, '\"Lincon Towncar\"', 1, 192546);
INSERT INTO VEHICLES VALUES ('4rkci29bunh415713', 'qzb250', 2001, '\"Chevy Calviler\"', 1, 177333);
INSERT INTO VEHICLES VALUES ('4sgin04xrxm306841', 'wfc334', 2006, '\"Ford Fusion\"', 1, 137424);
INSERT INTO VEHICLES VALUES ('4szyg34mbts224051', 'drn857', 2000, '\"Chevy Calviler\"', 0, 110937);
INSERT INTO VEHICLES VALUES ('4vuzk99jdbw855278', 'hpv339', 1972, '\"Chevy Calviler\"', 1, 127427);
INSERT INTO VEHICLES VALUES ('4xagk88bqkf872033', 'oti935', 1998, '\"Toyota Tahcoma\"', 1, 171873);
INSERT INTO VEHICLES VALUES ('4xghp39vanr157587', 'fas520', 1989, '\"Ford Fusion\"', 1, 138783);
INSERT INTO VEHICLES VALUES ('4xvkm57aiqp062375', 'lfc614', 1981, '\"Toyota Tahcoma\"', 0, 57504);
INSERT INTO VEHICLES VALUES ('4zyii74lskw945062', 'ixa158', 2000, '\"Chevy Calviler\"', 1, 189326);
INSERT INTO VEHICLES VALUES ('5cofx30lxnd319830', 'fcz220', 1986, '\"Chevy Calviler\"', 1, 81389);
INSERT INTO VEHICLES VALUES ('5doxc00cukh974006', 'zij560', 1998, '\"Ford Fusion\"', 1, 145765);
INSERT INTO VEHICLES VALUES ('5dupf09xxdx225012', 'tsm766', 1972, '\"Ford Fusion\"', 0, 199888);
INSERT INTO VEHICLES VALUES ('5haue74satx525592', 'wmi977', 2008, '\"Chevy Calviler\"', 0, 112728);
INSERT INTO VEHICLES VALUES ('5iwfm07scdm281845', 'kus522', 2012, '\"Lincon Towncar\"', 1, 177757);
INSERT INTO VEHICLES VALUES ('5izox28kbve832914', 'ila733', 1977, '\"Chevy Calviler\"', 1, 96826);
INSERT INTO VEHICLES VALUES ('5jihq10gzjs821756', 'lxz619', 1987, '\"Lincon Towncar\"', 0, 164143);
INSERT INTO VEHICLES VALUES ('5jrnv56bbbz908647', 'jiy702', 2013, '\"Lincon Towncar\"', 1, 122177);
INSERT INTO VEHICLES VALUES ('5ktbv64kmlu865447', 'pjx079', 1987, '\"Chevy Calviler\"', 1, 65277);
INSERT INTO VEHICLES VALUES ('5lgut26hbar826511', 'fwr525', 1977, '\"Toyota Tahcoma\"', 1, 136672);
INSERT INTO VEHICLES VALUES ('5ptvm43tido115803', 'gcx056', 1974, '\"Ford Fusion\"', 1, 97786);
INSERT INTO VEHICLES VALUES ('5qula51nidy957214', 'zdz686', 1974, '\"Ford Fusion\"', 1, 192101);
INSERT INTO VEHICLES VALUES ('5riok60hbbh458761', 'ich274', 2012, '\"Chevy Calviler\"', 1, 112786);
INSERT INTO VEHICLES VALUES ('5svup93uxvi211421', 'hvk999', 2006, '\"Ford Fusion\"', 1, 191945);
INSERT INTO VEHICLES VALUES ('5tsre37hadm242306', 'bzz276', 2017, '\"Chevy Calviler\"', 1, 199268);
INSERT INTO VEHICLES VALUES ('5tujw75znjp588815', 'fag964', 1973, '\"Lincon Towncar\"', 1, 120913);
INSERT INTO VEHICLES VALUES ('5uinm87dazz658031', 'vsk702', 2015, '\"Ford Fusion\"', 0, 163921);
INSERT INTO VEHICLES VALUES ('5uxnu15dfsu204560', 'cej784', 1974, '\"Chevy Calviler\"', 0, 148157);
INSERT INTO VEHICLES VALUES ('5xkik00bmrd564418', 'dkg510', 1992, '\"Lincon Towncar\"', 1, 183443);
INSERT INTO VEHICLES VALUES ('5xzox06ufrs295044', 'mpc387', 2001, '\"Ford Fusion\"', 1, 95554);
INSERT INTO VEHICLES VALUES ('5zemp44jcka787991', 'gxs821', 2008, '\"Lincon Towncar\"', 1, 50136);
INSERT INTO VEHICLES VALUES ('5zoip13xupd019132', 'rdd166', 1977, '\"Chevy Calviler\"', 1, 79057);
INSERT INTO VEHICLES VALUES ('5zoqg94jexq806452', 'gfv776', 2015, '\"Chevy Calviler\"', 1, 89087);
INSERT INTO VEHICLES VALUES ('5zxws17kquk094715', 'kin160', 2011, '\"Lincon Towncar\"', 0, 68849);
INSERT INTO VEHICLES VALUES ('6bjra55yuap994954', 'cuy556', 2010, '\"Lincon Towncar\"', 1, 58306);
INSERT INTO VEHICLES VALUES ('6ckuj32cibt002359', 'gnx091', 1980, '\"Ford Fusion\"', 1, 87500);
INSERT INTO VEHICLES VALUES ('6drqa79fdaa269768', 'noe100', 1981, '\"Toyota Tahcoma\"', 0, 59591);
INSERT INTO VEHICLES VALUES ('6dvij85jutz798792', 'zoi439', 1993, '\"Toyota Tahcoma\"', 1, 184843);
INSERT INTO VEHICLES VALUES ('6ejjb79ksva270370', 'wem048', 2005, '\"Toyota Tahcoma\"', 1, 155604);
INSERT INTO VEHICLES VALUES ('6eume03xjqk749075', 'nwd257', 2014, '\"Chevy Calviler\"', 1, 129284);
INSERT INTO VEHICLES VALUES ('6fdud58voap849796', 'qfj245', 1975, '\"Toyota Tahcoma\"', 1, 91420);
INSERT INTO VEHICLES VALUES ('6hmlp81tvtg479032', 'lvq479', 2006, '\"Chevy Calviler\"', 1, 156172);
INSERT INTO VEHICLES VALUES ('6huqf74zkwb561635', 'rxo909', 1995, '\"Toyota Tahcoma\"', 0, 83645);
INSERT INTO VEHICLES VALUES ('6ioew53gtks199470', 'jje244', 1984, '\"Ford Fusion\"', 1, 162785);
INSERT INTO VEHICLES VALUES ('6jxrn86ytbc153233', 'eek336', 1989, '\"Lincon Towncar\"', 1, 198014);
INSERT INTO VEHICLES VALUES ('6kdcz76pirq514462', 'wlb673', 1998, '\"Lincon Towncar\"', 0, 192366);
INSERT INTO VEHICLES VALUES ('6kjzq28ufhk235240', 'eis127', 1974, '\"Ford Fusion\"', 0, 58891);
INSERT INTO VEHICLES VALUES ('6ldkm44lpft976148', 'vdr331', 1993, '\"Ford Fusion\"', 1, 198070);
INSERT INTO VEHICLES VALUES ('6ngzx07dqyc602511', 'dtf356', 2010, '\"Ford Fusion\"', 0, 107737);
INSERT INTO VEHICLES VALUES ('6tgoc34sumd653625', 'ctx371', 1984, '\"Chevy Calviler\"', 1, 70519);
INSERT INTO VEHICLES VALUES ('6ttfj63evtb837482', 'xaq819', 2007, '\"Lincon Towncar\"', 1, 66885);
INSERT INTO VEHICLES VALUES ('6ugot89vzyu941838', 'vmk814', 1971, '\"Ford Fusion\"', 1, 194773);
INSERT INTO VEHICLES VALUES ('6yyiv82zzfv664121', 'kpd395', 2008, '\"Lincon Towncar\"', 1, 192439);
INSERT INTO VEHICLES VALUES ('7crew46nbzm747436', 'lnj991', 2003, '\"Lincon Towncar\"', 1, 198103);
INSERT INTO VEHICLES VALUES ('7jkhr88hhqs228252', 'uai241', 1988, '\"Lincon Towncar\"', 1, 127903);
INSERT INTO VEHICLES VALUES ('7kysz17idac687543', 'vuh054', 1977, '\"Ford Fusion\"', 1, 173069);
INSERT INTO VEHICLES VALUES ('7kzbi95lfro112613', 'ybs894', 1992, '\"Chevy Calviler\"', 1, 164150);
INSERT INTO VEHICLES VALUES ('7mdfi35jcdg568730', 'mhp194', 2005, '\"Toyota Tahcoma\"', 1, 125800);
INSERT INTO VEHICLES VALUES ('7mstn64ckkb021466', 'wnf279', 1999, '\"Lincon Towncar\"', 1, 114992);
INSERT INTO VEHICLES VALUES ('7nkrx51pkli436488', 'uzg565', 2011, '\"Chevy Calviler\"', 1, 148722);
INSERT INTO VEHICLES VALUES ('7nuff35dexa104439', 'tsl132', 1979, '\"Lincon Towncar\"', 1, 100118);
INSERT INTO VEHICLES VALUES ('7rqsa85sfld479287', 'mzu145', 1992, '\"Ford Fusion\"', 1, 110606);
INSERT INTO VEHICLES VALUES ('7skwv27jjcq477147', 'sgs799', 2017, '\"Toyota Tahcoma\"', 1, 175446);
INSERT INTO VEHICLES VALUES ('7suqt26stit560566', 'egu347', 2012, '\"Chevy Calviler\"', 1, 97561);
INSERT INTO VEHICLES VALUES ('7umyz36vpix191487', 'mfl293', 1990, '\"Chevy Calviler\"', 1, 134206);
INSERT INTO VEHICLES VALUES ('7uosj42alcg733004', 'xld413', 2010, '\"Lincon Towncar\"', 0, 180424);
INSERT INTO VEHICLES VALUES ('7usqq05sqmf861538', 'grr484', 1976, '\"Ford Fusion\"', 0, 101167);
INSERT INTO VEHICLES VALUES ('7xrgy96cfob413746', 'vvc680', 1997, '\"Toyota Tahcoma\"', 1, 156384);
INSERT INTO VEHICLES VALUES ('7xslm08bqri601891', 'aaq141', 1970, '\"Toyota Tahcoma\"', 1, 68793);
INSERT INTO VEHICLES VALUES ('7zcac03dzvw800078', 'dgv735', 1993, '\"Toyota Tahcoma\"', 1, 163088);
INSERT INTO VEHICLES VALUES ('7zubq97dgzh848622', 'kcd886', 1986, '\"Chevy Calviler\"', 1, 83080);
INSERT INTO VEHICLES VALUES ('8bbuz16ykuz162298', 'vgh471', 1998, '\"Toyota Tahcoma\"', 1, 82536);
INSERT INTO VEHICLES VALUES ('8bdqc48vwvj751916', 'guv437', 1974, '\"Ford Fusion\"', 1, 146948);
INSERT INTO VEHICLES VALUES ('8clni15gewb928416', 'pkr766', 2001, '\"Chevy Calviler\"', 0, 178364);
INSERT INTO VEHICLES VALUES ('8dkqn04ivsi071131', 'bno892', 1974, '\"Chevy Calviler\"', 1, 133663);
INSERT INTO VEHICLES VALUES ('8dovn86hrkv604408', 'wga208', 1989, '\"Lincon Towncar\"', 1, 151846);
INSERT INTO VEHICLES VALUES ('8ernv74hhnf652440', 'yom419', 1983, '\"Ford Fusion\"', 1, 179336);
INSERT INTO VEHICLES VALUES ('8gexs85cjfz029740', 'igo007', 1989, '\"Chevy Calviler\"', 1, 111353);
INSERT INTO VEHICLES VALUES ('8ghiu06squu910713', 'rrp495', 1992, '\"Lincon Towncar\"', 1, 104591);
INSERT INTO VEHICLES VALUES ('8iium57aubq508075', 'cwe703', 1981, '\"Toyota Tahcoma\"', 1, 165356);
INSERT INTO VEHICLES VALUES ('8ilel82kupc710076', 'kib158', 1978, '\"Lincon Towncar\"', 0, 134456);
INSERT INTO VEHICLES VALUES ('8kvkc68efzh600564', 'ccw346', 1982, '\"Chevy Calviler\"', 1, 63818);
INSERT INTO VEHICLES VALUES ('8oxaa12webj430495', 'guu535', 1996, '\"Toyota Tahcoma\"', 1, 180391);
INSERT INTO VEHICLES VALUES ('8psoy03dcja764023', 'bpi589', 1970, '\"Lincon Towncar\"', 0, 92019);
INSERT INTO VEHICLES VALUES ('8qebf21ygnv195663', 'ceg056', 1975, '\"Lincon Towncar\"', 0, 103714);
INSERT INTO VEHICLES VALUES ('8qgkn07aoaq705556', 'ffo318', 1970, '\"Chevy Calviler\"', 1, 117884);
INSERT INTO VEHICLES VALUES ('8tirk17jndc360148', 'fri098', 1987, '\"Chevy Calviler\"', 0, 121693);
INSERT INTO VEHICLES VALUES ('8tjsz70wmgq607783', 'gtw950', 1988, '\"Toyota Tahcoma\"', 0, 105684);
INSERT INTO VEHICLES VALUES ('8wwtw68arlv331835', 'tlk872', 2012, '\"Lincon Towncar\"', 1, 113841);
INSERT INTO VEHICLES VALUES ('8xbxg76jnmy470395', 'atc245', 1971, '\"Toyota Tahcoma\"', 1, 56426);
INSERT INTO VEHICLES VALUES ('8xeoz16rcsx564194', 'ank570', 1998, '\"Chevy Calviler\"', 0, 125970);
INSERT INTO VEHICLES VALUES ('8xnyi63gthu479159', 'uhf328', 2017, '\"Ford Fusion\"', 0, 111234);
INSERT INTO VEHICLES VALUES ('8yhrz00sknh053995', 'wwk791', 1994, '\"Chevy Calviler\"', 1, 182551);
INSERT INTO VEHICLES VALUES ('8zbmj66wcxc214375', 'vin404', 1991, '\"Lincon Towncar\"', 1, 83885);
INSERT INTO VEHICLES VALUES ('9fqfs80ueum783826', 'lsh053', 1980, '\"Ford Fusion\"', 1, 191602);
INSERT INTO VEHICLES VALUES ('9jdog66knli824882', 'mua956', 2006, '\"Chevy Calviler\"', 1, 119952);
INSERT INTO VEHICLES VALUES ('9jlil23vljy214025', 'buc598', 1980, '\"Chevy Calviler\"', 0, 195991);
INSERT INTO VEHICLES VALUES ('9llrs36ospn427125', 'qdc302', 1992, '\"Ford Fusion\"', 1, 80050);
INSERT INTO VEHICLES VALUES ('9nvdu50pfpb102737', 'jih519', 2003, '\"Chevy Calviler\"', 1, 110077);
INSERT INTO VEHICLES VALUES ('9psxt79qxsi344968', 'fkw436', 1994, '\"Chevy Calviler\"', 1, 175208);
INSERT INTO VEHICLES VALUES ('9qncx61ufdd514518', 'cej139', 1980, '\"Lincon Towncar\"', 1, 73495);
INSERT INTO VEHICLES VALUES ('9rpyc57shwd180920', 'fqw570', 2016, '\"Toyota Tahcoma\"', 0, 150048);
INSERT INTO VEHICLES VALUES ('9syso43jsdi977419', 'yto090', 1990, '\"Chevy Calviler\"', 1, 168437);
INSERT INTO VEHICLES VALUES ('9tayd83sqlk511892', 'xqw709', 1985, '\"Toyota Tahcoma\"', 1, 121912);
INSERT INTO VEHICLES VALUES ('9wgkm83njub490512', 'fzl535', 1989, '\"Lincon Towncar\"', 1, 71721);
INSERT INTO VEHICLES VALUES ('9xbjj76svwb690503', 'bif836', 2013, '\"Lincon Towncar\"', 0, 190132);
INSERT INTO VEHICLES VALUES ('9ymie86iqhd702192', 'zyu102', 1983, '\"Toyota Tahcoma\"', 1, 66151);

INSERT INTO VEH_AVAIL VALUES ('6bjra55yuap994954', 0, 1, 1, 1);
INSERT INTO VEH_AVAIL VALUES ('4rkci29bunh415713', 1, 0, 1, 0);
INSERT INTO VEH_AVAIL VALUES ('9syso43jsdi977419', 1, 1, 1, 1);
INSERT INTO VEH_AVAIL VALUES ('4njpc42dgmd057189', 1, 1, 0, 1);
INSERT INTO VEH_AVAIL VALUES ('2ertq03nsvn531693', 1, 1, 1, 0);
INSERT INTO VEH_AVAIL VALUES ('5xkik00bmrd564418', 1, 0, 0, 1);
INSERT INTO VEH_AVAIL VALUES ('8qebf21ygnv195663', 1, 0, 1, 1);
INSERT INTO VEH_AVAIL VALUES ('6drqa79fdaa269768', 1, 0, 0, 1);
INSERT INTO VEH_AVAIL VALUES ('3kygr71rnfu254295', 1, 0, 0, 1);
INSERT INTO VEH_AVAIL VALUES ('4qfkc59xjtf695416', 0, 1, 0, 1);
INSERT INTO VEH_AVAIL VALUES ('0rmrt97brya591135', 0, 0, 0, 0);
INSERT INTO VEH_AVAIL VALUES ('0yprj18piwc544424', 1, 0, 0, 1);
INSERT INTO VEH_AVAIL VALUES ('1whas98gvrs851699', 0, 0, 1, 0);
INSERT INTO VEH_AVAIL VALUES ('6kdcz76pirq514462', 1, 0, 1, 0);
INSERT INTO VEH_AVAIL VALUES ('8oxaa12webj430495', 0, 0, 0, 0);
INSERT INTO VEH_AVAIL VALUES ('9fqfs80ueum783826', 0, 0, 1, 1);
INSERT INTO VEH_AVAIL VALUES ('1whas98gvrs851699', 0, 1, 0, 0);
INSERT INTO VEH_AVAIL VALUES ('4oetx72plvd395404', 1, 1, 0, 0);
INSERT INTO VEH_AVAIL VALUES ('1kjrd56cbct323865', 0, 0, 0, 1);
INSERT INTO VEH_AVAIL VALUES ('7xrgy96cfob413746', 0, 1, 1, 1);
INSERT INTO VEH_AVAIL VALUES ('7xrgy96cfob413746', 0, 1, 1, 1);
INSERT INTO VEH_AVAIL VALUES ('6ttfj63evtb837482', 1, 1, 0, 0);
INSERT INTO VEH_AVAIL VALUES ('1sfmr65ctaz708624', 1, 1, 1, 0);
INSERT INTO VEH_AVAIL VALUES ('5riok60hbbh458761', 0, 0, 1, 0);
INSERT INTO VEH_AVAIL VALUES ('6kjzq28ufhk235240', 0, 1, 0, 0);
INSERT INTO VEH_AVAIL VALUES ('7zcac03dzvw800078', 1, 0, 0, 0);
INSERT INTO VEH_AVAIL VALUES ('9jlil23vljy214025', 0, 1, 0, 0);
INSERT INTO VEH_AVAIL VALUES ('1ywby81bsry151233', 1, 0, 1, 0);
INSERT INTO VEH_AVAIL VALUES ('3jodh87nuqh691089', 0, 1, 0, 0);
INSERT INTO VEH_AVAIL VALUES ('4qfkc59xjtf695416', 1, 0, 1, 0);
INSERT INTO VEH_AVAIL VALUES ('5doxc00cukh974006', 0, 1, 0, 1);
INSERT INTO VEH_AVAIL VALUES ('9xbjj76svwb690503', 1, 1, 1, 0);
INSERT INTO VEH_AVAIL VALUES ('1ixrk53hchq192062', 0, 0, 0, 0);
INSERT INTO VEH_AVAIL VALUES ('8zbmj66wcxc214375', 0, 0, 0, 1);
INSERT INTO VEH_AVAIL VALUES ('5zemp44jcka787991', 1, 0, 1, 0);
INSERT INTO VEH_AVAIL VALUES ('3kygr71rnfu254295', 1, 1, 0, 0);
INSERT INTO VEH_AVAIL VALUES ('4xghp39vanr157587', 1, 0, 0, 0);
INSERT INTO VEH_AVAIL VALUES ('4sgin04xrxm306841', 0, 0, 0, 1);
INSERT INTO VEH_AVAIL VALUES ('0egdu93ucrv919924', 0, 1, 0, 0);
INSERT INTO VEH_AVAIL VALUES ('2wjtx06vfgs414042', 0, 1, 0, 0);
INSERT INTO VEH_AVAIL VALUES ('2zrrv20rxyo343589', 1, 0, 1, 0);
INSERT INTO VEH_AVAIL VALUES ('3jvcv74cdqs417521', 1, 0, 0, 1);
INSERT INTO VEH_AVAIL VALUES ('3jdjq01rrsb252064', 0, 0, 1, 0);
INSERT INTO VEH_AVAIL VALUES ('4qfkc59xjtf695416', 1, 0, 1, 0);
INSERT INTO VEH_AVAIL VALUES ('0yprj18piwc544424', 1, 1, 0, 0);
INSERT INTO VEH_AVAIL VALUES ('2ertq03nsvn531693', 1, 0, 1, 1);
INSERT INTO VEH_AVAIL VALUES ('4vuzk99jdbw855278', 0, 1, 1, 1);
INSERT INTO VEH_AVAIL VALUES ('1sfmr65ctaz708624', 0, 0, 1, 1);
INSERT INTO VEH_AVAIL VALUES ('8xbxg76jnmy470395', 1, 1, 1, 1);
INSERT INTO VEH_AVAIL VALUES ('8xbxg76jnmy470395', 0, 0, 1, 0);
INSERT INTO VEH_AVAIL VALUES ('9psxt79qxsi344968', 0, 0, 1, 1);
INSERT INTO VEH_AVAIL VALUES ('6fdud58voap849796', 1, 1, 1, 0);
INSERT INTO VEH_AVAIL VALUES ('5zxws17kquk094715', 0, 0, 1, 0);
INSERT INTO VEH_AVAIL VALUES ('6kdcz76pirq514462', 1, 0, 0, 1);
INSERT INTO VEH_AVAIL VALUES ('4ewpx25rgfo333581', 1, 1, 1, 1);
INSERT INTO VEH_AVAIL VALUES ('4rkci29bunh415713', 0, 1, 0, 0);
INSERT INTO VEH_AVAIL VALUES ('5iwfm07scdm281845', 1, 0, 1, 0);
INSERT INTO VEH_AVAIL VALUES ('5ptvm43tido115803', 1, 0, 0, 0);
INSERT INTO VEH_AVAIL VALUES ('5riok60hbbh458761', 0, 0, 1, 1);
INSERT INTO VEH_AVAIL VALUES ('8psoy03dcja764023', 0, 0, 1, 1);
INSERT INTO VEH_AVAIL VALUES ('3eosk63kdrs958659', 1, 0, 0, 0);
INSERT INTO VEH_AVAIL VALUES ('3yhct46nzwt229546', 0, 0, 1, 1);
INSERT INTO VEH_AVAIL VALUES ('8ernv74hhnf652440', 1, 0, 0, 0);
INSERT INTO VEH_AVAIL VALUES ('4njpc42dgmd057189', 0, 1, 0, 0);
INSERT INTO VEH_AVAIL VALUES ('2zitf46myzf376918', 1, 1, 0, 1);
INSERT INTO VEH_AVAIL VALUES ('5ktbv64kmlu865447', 0, 1, 1, 0);
INSERT INTO VEH_AVAIL VALUES ('8xnyi63gthu479159', 0, 0, 1, 1);
INSERT INTO VEH_AVAIL VALUES ('2ertq03nsvn531693', 0, 1, 0, 1);
INSERT INTO VEH_AVAIL VALUES ('3ekmz11jdlg386109', 1, 0, 1, 1);
INSERT INTO VEH_AVAIL VALUES ('3bdrr21glmd893580', 0, 0, 0, 1);
INSERT INTO VEH_AVAIL VALUES ('4xagk88bqkf872033', 1, 1, 0, 0);
INSERT INTO VEH_AVAIL VALUES ('6jxrn86ytbc153233', 1, 0, 0, 0);
INSERT INTO VEH_AVAIL VALUES ('4zyii74lskw945062', 0, 0, 1, 1);
INSERT INTO VEH_AVAIL VALUES ('8wwtw68arlv331835', 0, 0, 1, 0);
INSERT INTO VEH_AVAIL VALUES ('0mnwc89ceor568770', 0, 1, 0, 0);
INSERT INTO VEH_AVAIL VALUES ('8oxaa12webj430495', 0, 0, 0, 0);
INSERT INTO VEH_AVAIL VALUES ('1ykak92vevt919046', 0, 0, 0, 0);
INSERT INTO VEH_AVAIL VALUES ('7kysz17idac687543', 1, 0, 0, 0);
INSERT INTO VEH_AVAIL VALUES ('0oxfm22liig882359', 0, 1, 0, 0);
INSERT INTO VEH_AVAIL VALUES ('1pgkc89utmb494177', 1, 1, 0, 1);
INSERT INTO VEH_AVAIL VALUES ('6ldkm44lpft976148', 1, 1, 1, 0);
INSERT INTO VEH_AVAIL VALUES ('5xkik00bmrd564418', 1, 1, 1, 1);
INSERT INTO VEH_AVAIL VALUES ('7kysz17idac687543', 0, 1, 1, 1);
INSERT INTO VEH_AVAIL VALUES ('4rkci29bunh415713', 1, 1, 0, 0);
INSERT INTO VEH_AVAIL VALUES ('1gmax44vwcw394870', 0, 1, 1, 1);
INSERT INTO VEH_AVAIL VALUES ('3yhct46nzwt229546', 0, 1, 1, 1);
INSERT INTO VEH_AVAIL VALUES ('9psxt79qxsi344968', 0, 1, 0, 0);
INSERT INTO VEH_AVAIL VALUES ('0jidp41dvhv148009', 0, 0, 0, 1);
INSERT INTO VEH_AVAIL VALUES ('3dguq53qgis049128', 0, 1, 0, 0);
INSERT INTO VEH_AVAIL VALUES ('8xnyi63gthu479159', 1, 0, 0, 1);
INSERT INTO VEH_AVAIL VALUES ('8wwtw68arlv331835', 1, 1, 0, 0);
INSERT INTO VEH_AVAIL VALUES ('4vuzk99jdbw855278', 0, 1, 0, 1);
INSERT INTO VEH_AVAIL VALUES ('4rkci29bunh415713', 1, 0, 0, 0);
INSERT INTO VEH_AVAIL VALUES ('8kvkc68efzh600564', 1, 1, 0, 1);
INSERT INTO VEH_AVAIL VALUES ('2zrrv20rxyo343589', 1, 0, 0, 1);
INSERT INTO VEH_AVAIL VALUES ('1dzna78kplj915758', 1, 1, 1, 0);
INSERT INTO VEH_AVAIL VALUES ('6ioew53gtks199470', 1, 1, 0, 1);
INSERT INTO VEH_AVAIL VALUES ('1ykak92vevt919046', 0, 0, 0, 0);
INSERT INTO VEH_AVAIL VALUES ('2rbed87uruh712173', 1, 1, 1, 0);
INSERT INTO VEH_AVAIL VALUES ('3jodh87nuqh691089', 0, 1, 1, 1);
INSERT INTO VEH_AVAIL VALUES ('5xkik00bmrd564418', 1, 0, 1, 0);
INSERT INTO VEH_AVAIL VALUES ('8tirk17jndc360148', 0, 0, 1, 0);
INSERT INTO VEH_AVAIL VALUES ('0prvd01cglt644784', 1, 1, 0, 1);
INSERT INTO VEH_AVAIL VALUES ('2jdrj53wmeu584414', 0, 1, 0, 1);
INSERT INTO VEH_AVAIL VALUES ('2mugg74iitl696790', 0, 0, 0, 1);
INSERT INTO VEH_AVAIL VALUES ('4bfxw70dunm289223', 1, 0, 1, 0);
INSERT INTO VEH_AVAIL VALUES ('1xjio43twpl809604', 1, 1, 0, 0);
INSERT INTO VEH_AVAIL VALUES ('5iwfm07scdm281845', 1, 0, 1, 0);
INSERT INTO VEH_AVAIL VALUES ('3ekmz11jdlg386109', 0, 1, 0, 1);
INSERT INTO VEH_AVAIL VALUES ('4rkci29bunh415713', 0, 1, 1, 0);
INSERT INTO VEH_AVAIL VALUES ('5zoqg94jexq806452', 0, 0, 0, 1);
INSERT INTO VEH_AVAIL VALUES ('3taio82dbml932750', 0, 0, 0, 1);
INSERT INTO VEH_AVAIL VALUES ('2ertq03nsvn531693', 1, 0, 1, 0);
INSERT INTO VEH_AVAIL VALUES ('7uosj42alcg733004', 0, 0, 1, 1);
INSERT INTO VEH_AVAIL VALUES ('8dkqn04ivsi071131', 0, 1, 1, 0);
INSERT INTO VEH_AVAIL VALUES ('5izox28kbve832914', 1, 0, 1, 0);
INSERT INTO VEH_AVAIL VALUES ('1gmax44vwcw394870', 0, 0, 0, 1);
INSERT INTO VEH_AVAIL VALUES ('2bfjw96axah127002', 0, 1, 0, 1);
INSERT INTO VEH_AVAIL VALUES ('5riok60hbbh458761', 1, 1, 1, 0);
INSERT INTO VEH_AVAIL VALUES ('5ptvm43tido115803', 0, 0, 1, 0);
INSERT INTO VEH_AVAIL VALUES ('4dpnp26mzwu386904', 1, 1, 1, 0);
INSERT INTO VEH_AVAIL VALUES ('7zcac03dzvw800078', 1, 1, 0, 0);
INSERT INTO VEH_AVAIL VALUES ('3ekmz11jdlg386109', 0, 0, 0, 0);
INSERT INTO VEH_AVAIL VALUES ('8kvkc68efzh600564', 1, 0, 0, 1);
INSERT INTO VEH_AVAIL VALUES ('6tgoc34sumd653625', 1, 1, 1, 1);
INSERT INTO VEH_AVAIL VALUES ('6jxrn86ytbc153233', 0, 0, 1, 0);
INSERT INTO VEH_AVAIL VALUES ('2jdrj53wmeu584414', 1, 1, 0, 1);
INSERT INTO VEH_AVAIL VALUES ('7mstn64ckkb021466', 1, 1, 0, 1);
INSERT INTO VEH_AVAIL VALUES ('8kvkc68efzh600564', 1, 1, 1, 0);
INSERT INTO VEH_AVAIL VALUES ('7kzbi95lfro112613', 1, 0, 0, 0);
INSERT INTO VEH_AVAIL VALUES ('1txee62rjbs081580', 1, 1, 1, 0);
INSERT INTO VEH_AVAIL VALUES ('7xslm08bqri601891', 0, 1, 1, 0);
INSERT INTO VEH_AVAIL VALUES ('9llrs36ospn427125', 1, 0, 0, 1);
INSERT INTO VEH_AVAIL VALUES ('2kxue48pqyl758302', 0, 1, 0, 1);
INSERT INTO VEH_AVAIL VALUES ('0yprj18piwc544424', 0, 1, 0, 0);
INSERT INTO VEH_AVAIL VALUES ('1ykak92vevt919046', 0, 0, 0, 0);
INSERT INTO VEH_AVAIL VALUES ('7mstn64ckkb021466', 1, 0, 1, 0);
INSERT INTO VEH_AVAIL VALUES ('2zsay18jktp640223', 0, 0, 0, 0);
INSERT INTO VEH_AVAIL VALUES ('6tgoc34sumd653625', 1, 0, 0, 1);
INSERT INTO VEH_AVAIL VALUES ('0oxfm22liig882359', 0, 0, 1, 1);
INSERT INTO VEH_AVAIL VALUES ('0ewez77krqr315485', 0, 1, 1, 1);
INSERT INTO VEH_AVAIL VALUES ('5svup93uxvi211421', 1, 0, 1, 1);
INSERT INTO VEH_AVAIL VALUES ('5ptvm43tido115803', 0, 0, 0, 0);
INSERT INTO VEH_AVAIL VALUES ('2yerf20mvzi798336', 0, 1, 1, 0);
INSERT INTO VEH_AVAIL VALUES ('5cofx30lxnd319830', 1, 1, 1, 0);
INSERT INTO VEH_AVAIL VALUES ('7mstn64ckkb021466', 1, 0, 0, 0);
INSERT INTO VEH_AVAIL VALUES ('1ixrk53hchq192062', 1, 0, 0, 1);
INSERT INTO VEH_AVAIL VALUES ('0egdu93ucrv919924', 1, 0, 0, 1);
INSERT INTO VEH_AVAIL VALUES ('9jlil23vljy214025', 0, 1, 0, 1);
INSERT INTO VEH_AVAIL VALUES ('0ildg21zlvm650102', 0, 1, 0, 1);
INSERT INTO VEH_AVAIL VALUES ('9ymie86iqhd702192', 0, 1, 0, 0);
INSERT INTO VEH_AVAIL VALUES ('5doxc00cukh974006', 1, 0, 0, 1);
INSERT INTO VEH_AVAIL VALUES ('8bbuz16ykuz162298', 0, 0, 0, 0);
INSERT INTO VEH_AVAIL VALUES ('2zsay18jktp640223', 1, 1, 0, 1);
INSERT INTO VEH_AVAIL VALUES ('7mstn64ckkb021466', 1, 0, 0, 0);
INSERT INTO VEH_AVAIL VALUES ('5riok60hbbh458761', 0, 1, 1, 0);
INSERT INTO VEH_AVAIL VALUES ('9jdog66knli824882', 0, 0, 0, 1);
INSERT INTO VEH_AVAIL VALUES ('1fqgj68dsbt087643', 0, 1, 1, 1);
INSERT INTO VEH_AVAIL VALUES ('6dvij85jutz798792', 1, 1, 1, 0);
INSERT INTO VEH_AVAIL VALUES ('1ykak92vevt919046', 0, 0, 0, 0);
INSERT INTO VEH_AVAIL VALUES ('1kjrd56cbct323865', 0, 1, 1, 1);
INSERT INTO VEH_AVAIL VALUES ('8dovn86hrkv604408', 0, 0, 1, 0);
INSERT INTO VEH_AVAIL VALUES ('0btky95nmxn226370', 0, 1, 1, 1);
INSERT INTO VEH_AVAIL VALUES ('0ykzt14slar932093', 0, 0, 0, 0);
INSERT INTO VEH_AVAIL VALUES ('0nhfu20ucdw767880', 0, 1, 1, 1);
INSERT INTO VEH_AVAIL VALUES ('0oxfm22liig882359', 0, 1, 0, 1);
INSERT INTO VEH_AVAIL VALUES ('7mdfi35jcdg568730', 0, 1, 0, 0);
INSERT INTO VEH_AVAIL VALUES ('2mugg74iitl696790', 0, 1, 0, 1);
INSERT INTO VEH_AVAIL VALUES ('7zcac03dzvw800078', 1, 0, 1, 1);
INSERT INTO VEH_AVAIL VALUES ('4vuzk99jdbw855278', 0, 0, 0, 0);
INSERT INTO VEH_AVAIL VALUES ('2rbed87uruh712173', 0, 1, 0, 1);
INSERT INTO VEH_AVAIL VALUES ('8ghiu06squu910713', 0, 1, 0, 1);
INSERT INTO VEH_AVAIL VALUES ('3kygr71rnfu254295', 1, 1, 1, 1);
INSERT INTO VEH_AVAIL VALUES ('2gwsc85isei703499', 1, 1, 1, 1);
INSERT INTO VEH_AVAIL VALUES ('1bgea85dzwd937310', 1, 0, 0, 1);
INSERT INTO VEH_AVAIL VALUES ('1xjio43twpl809604', 1, 0, 0, 1);
INSERT INTO VEH_AVAIL VALUES ('1dzna78kplj915758', 0, 0, 1, 0);
INSERT INTO VEH_AVAIL VALUES ('4phlj61btse167172', 0, 0, 1, 0);
INSERT INTO VEH_AVAIL VALUES ('1rhbk47lpnd564117', 1, 0, 0, 1);
INSERT INTO VEH_AVAIL VALUES ('3ugzt35gzxa367313', 1, 1, 1, 0);
INSERT INTO VEH_AVAIL VALUES ('4rkci29bunh415713', 0, 0, 0, 1);
INSERT INTO VEH_AVAIL VALUES ('1rhbk47lpnd564117', 0, 0, 1, 1);
INSERT INTO VEH_AVAIL VALUES ('9jlil23vljy214025', 1, 0, 1, 0);
INSERT INTO VEH_AVAIL VALUES ('4dtip87auxs305817', 1, 1, 0, 0);
INSERT INTO VEH_AVAIL VALUES ('9rpyc57shwd180920', 1, 0, 0, 0);
INSERT INTO VEH_AVAIL VALUES ('1hemc14qhug843205', 0, 1, 0, 0);
INSERT INTO VEH_AVAIL VALUES ('0mnwc89ceor568770', 0, 0, 1, 1);
INSERT INTO VEH_AVAIL VALUES ('8tirk17jndc360148', 0, 0, 0, 0);
INSERT INTO VEH_AVAIL VALUES ('2bfjw96axah127002', 1, 0, 0, 1);
INSERT INTO VEH_AVAIL VALUES ('7suqt26stit560566', 0, 0, 1, 0);
INSERT INTO VEH_AVAIL VALUES ('3ybap60owmx983368', 0, 1, 1, 1);
INSERT INTO VEH_AVAIL VALUES ('2zudv37byap740338', 1, 0, 0, 0);
INSERT INTO VEH_AVAIL VALUES ('8xbxg76jnmy470395', 0, 1, 1, 0);
INSERT INTO VEH_AVAIL VALUES ('4sgin04xrxm306841', 0, 0, 0, 0);
INSERT INTO VEH_AVAIL VALUES ('8qebf21ygnv195663', 1, 1, 0, 0);
INSERT INTO VEH_AVAIL VALUES ('9nvdu50pfpb102737', 0, 0, 0, 0);
INSERT INTO VEH_AVAIL VALUES ('9qncx61ufdd514518', 1, 0, 1, 0);
INSERT INTO VEH_AVAIL VALUES ('6jxrn86ytbc153233', 1, 1, 0, 1);
INSERT INTO VEH_AVAIL VALUES ('1sfmr65ctaz708624', 0, 0, 0, 0);
INSERT INTO VEH_AVAIL VALUES ('7uosj42alcg733004', 1, 1, 1, 0);



INSERT INTO VEH_LOC VALUES ('1txee62rjbs081580', 6);
INSERT INTO VEH_LOC VALUES ('6bjra55yuap994954', 6);
INSERT INTO VEH_LOC VALUES ('1kjrd56cbct323865', 7);
INSERT INTO VEH_LOC VALUES ('2bcss29rcam956197', 3);
INSERT INTO VEH_LOC VALUES ('1bgea85dzwd937310', 11);
INSERT INTO VEH_LOC VALUES ('3dguq53qgis049128', 17);
INSERT INTO VEH_LOC VALUES ('1xjio43twpl809604', 12);
INSERT INTO VEH_LOC VALUES ('0egdu93ucrv919924', 19);
INSERT INTO VEH_LOC VALUES ('7kzbi95lfro112613', 1);
INSERT INTO VEH_LOC VALUES ('9jlil23vljy214025', 15);
INSERT INTO VEH_LOC VALUES ('1ixrk53hchq192062', 12);
INSERT INTO VEH_LOC VALUES ('5dupf09xxdx225012', 14);
INSERT INTO VEH_LOC VALUES ('7xslm08bqri601891', 19);
INSERT INTO VEH_LOC VALUES ('7xslm08bqri601891', 12);
INSERT INTO VEH_LOC VALUES ('3hlwo84mzjk795748', 8);
INSERT INTO VEH_LOC VALUES ('5uxnu15dfsu204560', 5);
INSERT INTO VEH_LOC VALUES ('5jihq10gzjs821756', 18);
INSERT INTO VEH_LOC VALUES ('8ernv74hhnf652440', 10);
INSERT INTO VEH_LOC VALUES ('7kzbi95lfro112613', 7);
INSERT INTO VEH_LOC VALUES ('1whas98gvrs851699', 12);
INSERT INTO VEH_LOC VALUES ('4affl46ipek374958', 14);
INSERT INTO VEH_LOC VALUES ('5ptvm43tido115803', 15);
INSERT INTO VEH_LOC VALUES ('7kzbi95lfro112613', 20);
INSERT INTO VEH_LOC VALUES ('3yhct46nzwt229546', 10);
INSERT INTO VEH_LOC VALUES ('1hemc14qhug843205', 20);
INSERT INTO VEH_LOC VALUES ('5riok60hbbh458761', 17);
INSERT INTO VEH_LOC VALUES ('9llrs36ospn427125', 13);
INSERT INTO VEH_LOC VALUES ('7usqq05sqmf861538', 10);
INSERT INTO VEH_LOC VALUES ('0egdu93ucrv919924', 10);
INSERT INTO VEH_LOC VALUES ('2mugg74iitl696790', 20);
INSERT INTO VEH_LOC VALUES ('2ertq03nsvn531693', 6);
INSERT INTO VEH_LOC VALUES ('5haue74satx525592', 10);
INSERT INTO VEH_LOC VALUES ('4rkci29bunh415713', 15);
INSERT INTO VEH_LOC VALUES ('7xrgy96cfob413746', 9);
INSERT INTO VEH_LOC VALUES ('2tgdc79rtld990285', 11);
INSERT INTO VEH_LOC VALUES ('0cwtl96fbeu708536', 19);
INSERT INTO VEH_LOC VALUES ('5haue74satx525592', 9);
INSERT INTO VEH_LOC VALUES ('5iwfm07scdm281845', 9);
INSERT INTO VEH_LOC VALUES ('5dupf09xxdx225012', 6);
INSERT INTO VEH_LOC VALUES ('6drqa79fdaa269768', 10);
INSERT INTO VEH_LOC VALUES ('6tgoc34sumd653625', 3);
INSERT INTO VEH_LOC VALUES ('9jlil23vljy214025', 16);
INSERT INTO VEH_LOC VALUES ('8zbmj66wcxc214375', 17);
INSERT INTO VEH_LOC VALUES ('7zubq97dgzh848622', 7);
INSERT INTO VEH_LOC VALUES ('8tirk17jndc360148', 7);
INSERT INTO VEH_LOC VALUES ('8clni15gewb928416', 3);
INSERT INTO VEH_LOC VALUES ('1wjrr41kaur761572', 10);
INSERT INTO VEH_LOC VALUES ('2tfgc72ydjp717385', 15);
INSERT INTO VEH_LOC VALUES ('4rkci29bunh415713', 12);
INSERT INTO VEH_LOC VALUES ('4ogye97btwe658054', 5);
INSERT INTO VEH_LOC VALUES ('3dguq53qgis049128', 4);
INSERT INTO VEH_LOC VALUES ('4rkci29bunh415713', 6);
INSERT INTO VEH_LOC VALUES ('2tfgc72ydjp717385', 17);
INSERT INTO VEH_LOC VALUES ('6kdcz76pirq514462', 2);
INSERT INTO VEH_LOC VALUES ('3jvcv74cdqs417521', 13);
INSERT INTO VEH_LOC VALUES ('8xnyi63gthu479159', 7);
INSERT INTO VEH_LOC VALUES ('7nuff35dexa104439', 17);
INSERT INTO VEH_LOC VALUES ('3vaji26qbkm251458', 10);
INSERT INTO VEH_LOC VALUES ('5zemp44jcka787991', 8);
INSERT INTO VEH_LOC VALUES ('0prvd01cglt644784', 20);
INSERT INTO VEH_LOC VALUES ('6kdcz76pirq514462', 2);
INSERT INTO VEH_LOC VALUES ('3eosk63kdrs958659', 6);
INSERT INTO VEH_LOC VALUES ('7rqsa85sfld479287', 14);
INSERT INTO VEH_LOC VALUES ('0omdr33kdum274501', 14);
INSERT INTO VEH_LOC VALUES ('7suqt26stit560566', 4);
INSERT INTO VEH_LOC VALUES ('4njpc42dgmd057189', 7);
INSERT INTO VEH_LOC VALUES ('9syso43jsdi977419', 2);
INSERT INTO VEH_LOC VALUES ('2kxue48pqyl758302', 19);
INSERT INTO VEH_LOC VALUES ('3nido51yoyz063869', 6);
INSERT INTO VEH_LOC VALUES ('9rpyc57shwd180920', 20);
INSERT INTO VEH_LOC VALUES ('4xvkm57aiqp062375', 11);
INSERT INTO VEH_LOC VALUES ('9jdog66knli824882', 13);
INSERT INTO VEH_LOC VALUES ('1gmax44vwcw394870', 9);
INSERT INTO VEH_LOC VALUES ('3jvcv74cdqs417521', 1);
INSERT INTO VEH_LOC VALUES ('0yprj18piwc544424', 18);
INSERT INTO VEH_LOC VALUES ('9tayd83sqlk511892', 10);
INSERT INTO VEH_LOC VALUES ('7xrgy96cfob413746', 2);
INSERT INTO VEH_LOC VALUES ('8zbmj66wcxc214375', 10);
INSERT INTO VEH_LOC VALUES ('9xbjj76svwb690503', 16);
INSERT INTO VEH_LOC VALUES ('4dpnp26mzwu386904', 1);
INSERT INTO VEH_LOC VALUES ('7zcac03dzvw800078', 1);
INSERT INTO VEH_LOC VALUES ('1rhbk47lpnd564117', 6);
INSERT INTO VEH_LOC VALUES ('2zrrv20rxyo343589', 20);
INSERT INTO VEH_LOC VALUES ('5zoqg94jexq806452', 19);
INSERT INTO VEH_LOC VALUES ('8clni15gewb928416', 5);
INSERT INTO VEH_LOC VALUES ('5lgut26hbar826511', 4);
INSERT INTO VEH_LOC VALUES ('7uosj42alcg733004', 5);
INSERT INTO VEH_LOC VALUES ('0yprj18piwc544424', 2);
INSERT INTO VEH_LOC VALUES ('4qfkc59xjtf695416', 19);
INSERT INTO VEH_LOC VALUES ('4dpnp26mzwu386904', 9);
INSERT INTO VEH_LOC VALUES ('0tzep01pawj149299', 3);
INSERT INTO VEH_LOC VALUES ('6huqf74zkwb561635', 15);
INSERT INTO VEH_LOC VALUES ('5riok60hbbh458761', 14);
INSERT INTO VEH_LOC VALUES ('5haue74satx525592', 20);
INSERT INTO VEH_LOC VALUES ('6ioew53gtks199470', 7);
INSERT INTO VEH_LOC VALUES ('0jidp41dvhv148009', 9);
INSERT INTO VEH_LOC VALUES ('9psxt79qxsi344968', 8);
INSERT INTO VEH_LOC VALUES ('7nuff35dexa104439', 8);
INSERT INTO VEH_LOC VALUES ('1bgea85dzwd937310', 19);
INSERT INTO VEH_LOC VALUES ('0mnwc89ceor568770', 13);
INSERT INTO VEH_LOC VALUES ('4phlj61btse167172', 5);
INSERT INTO VEH_LOC VALUES ('0yprj18piwc544424', 18);
INSERT INTO VEH_LOC VALUES ('5svup93uxvi211421', 12);
INSERT INTO VEH_LOC VALUES ('8tjsz70wmgq607783', 2);
INSERT INTO VEH_LOC VALUES ('6ngzx07dqyc602511', 2);
INSERT INTO VEH_LOC VALUES ('9llrs36ospn427125', 6);
INSERT INTO VEH_LOC VALUES ('5zoip13xupd019132', 10);
INSERT INTO VEH_LOC VALUES ('0owrp03euon728162', 9);
INSERT INTO VEH_LOC VALUES ('4rkci29bunh415713', 5);
INSERT INTO VEH_LOC VALUES ('2rbed87uruh712173', 13);
INSERT INTO VEH_LOC VALUES ('8xnyi63gthu479159', 9);
INSERT INTO VEH_LOC VALUES ('3bdrr21glmd893580', 18);
INSERT INTO VEH_LOC VALUES ('0prvd01cglt644784', 16);
INSERT INTO VEH_LOC VALUES ('7kzbi95lfro112613', 3);
INSERT INTO VEH_LOC VALUES ('8ilel82kupc710076', 12);
INSERT INTO VEH_LOC VALUES ('8zbmj66wcxc214375', 18);
INSERT INTO VEH_LOC VALUES ('1txee62rjbs081580', 12);
INSERT INTO VEH_LOC VALUES ('0ewez77krqr315485', 6);
INSERT INTO VEH_LOC VALUES ('4oetx72plvd395404', 16);
INSERT INTO VEH_LOC VALUES ('1rhbk47lpnd564117', 13);
INSERT INTO VEH_LOC VALUES ('2zdhn29zvau731790', 19);
INSERT INTO VEH_LOC VALUES ('6fdud58voap849796', 2);
INSERT INTO VEH_LOC VALUES ('1sfmr65ctaz708624', 20);
INSERT INTO VEH_LOC VALUES ('6ngzx07dqyc602511', 11);
INSERT INTO VEH_LOC VALUES ('4szyg34mbts224051', 18);
INSERT INTO VEH_LOC VALUES ('5cofx30lxnd319830', 14);
INSERT INTO VEH_LOC VALUES ('8tirk17jndc360148', 6);
INSERT INTO VEH_LOC VALUES ('0btky95nmxn226370', 2);
INSERT INTO VEH_LOC VALUES ('2tgdc79rtld990285', 16);
INSERT INTO VEH_LOC VALUES ('5zoqg94jexq806452', 17);
INSERT INTO VEH_LOC VALUES ('1gmax44vwcw394870', 20);
INSERT INTO VEH_LOC VALUES ('6ttfj63evtb837482', 4);
INSERT INTO VEH_LOC VALUES ('0btky95nmxn226370', 10);
INSERT INTO VEH_LOC VALUES ('5dupf09xxdx225012', 14);
INSERT INTO VEH_LOC VALUES ('6tgoc34sumd653625', 17);
INSERT INTO VEH_LOC VALUES ('0nhfu20ucdw767880', 2);
INSERT INTO VEH_LOC VALUES ('7mstn64ckkb021466', 6);
INSERT INTO VEH_LOC VALUES ('4szyg34mbts224051', 2);
INSERT INTO VEH_LOC VALUES ('5zoip13xupd019132', 14);
INSERT INTO VEH_LOC VALUES ('3gkur21rlqz366346', 8);
INSERT INTO VEH_LOC VALUES ('0egdu93ucrv919924', 17);
INSERT INTO VEH_LOC VALUES ('3dguq53qgis049128', 17);
INSERT INTO VEH_LOC VALUES ('2zrrv20rxyo343589', 13);
INSERT INTO VEH_LOC VALUES ('6ejjb79ksva270370', 3);
INSERT INTO VEH_LOC VALUES ('3hlwo84mzjk795748', 3);
INSERT INTO VEH_LOC VALUES ('6fdud58voap849796', 16);
INSERT INTO VEH_LOC VALUES ('4ewpx25rgfo333581', 13);
INSERT INTO VEH_LOC VALUES ('7xrgy96cfob413746', 14);
INSERT INTO VEH_LOC VALUES ('3taio82dbml932750', 8);
INSERT INTO VEH_LOC VALUES ('1rhbk47lpnd564117', 7);
INSERT INTO VEH_LOC VALUES ('5riok60hbbh458761', 15);
INSERT INTO VEH_LOC VALUES ('5doxc00cukh974006', 19);
INSERT INTO VEH_LOC VALUES ('8iium57aubq508075', 13);
INSERT INTO VEH_LOC VALUES ('0jidp41dvhv148009', 4);
INSERT INTO VEH_LOC VALUES ('8clni15gewb928416', 13);
INSERT INTO VEH_LOC VALUES ('1pgkc89utmb494177', 17);
INSERT INTO VEH_LOC VALUES ('5qula51nidy957214', 14);
INSERT INTO VEH_LOC VALUES ('5jrnv56bbbz908647', 11);
INSERT INTO VEH_LOC VALUES ('8gexs85cjfz029740', 12);
INSERT INTO VEH_LOC VALUES ('5iwfm07scdm281845', 14);
INSERT INTO VEH_LOC VALUES ('7uosj42alcg733004', 12);
INSERT INTO VEH_LOC VALUES ('5xzox06ufrs295044', 18);
INSERT INTO VEH_LOC VALUES ('5ktbv64kmlu865447', 9);
INSERT INTO VEH_LOC VALUES ('9llrs36ospn427125', 7);
INSERT INTO VEH_LOC VALUES ('1txee62rjbs081580', 19);
INSERT INTO VEH_LOC VALUES ('5iwfm07scdm281845', 1);
INSERT INTO VEH_LOC VALUES ('2kxue48pqyl758302', 2);
INSERT INTO VEH_LOC VALUES ('7mdfi35jcdg568730', 12);
INSERT INTO VEH_LOC VALUES ('6ttfj63evtb837482', 19);
INSERT INTO VEH_LOC VALUES ('8qebf21ygnv195663', 20);
INSERT INTO VEH_LOC VALUES ('1xnbs92qjsn116148', 7);
INSERT INTO VEH_LOC VALUES ('0ewez77krqr315485', 1);
INSERT INTO VEH_LOC VALUES ('8tjsz70wmgq607783', 9);
INSERT INTO VEH_LOC VALUES ('0ustv20fhsy937839', 6);
INSERT INTO VEH_LOC VALUES ('0owrp03euon728162', 5);
INSERT INTO VEH_LOC VALUES ('7xslm08bqri601891', 16);
INSERT INTO VEH_LOC VALUES ('9xbjj76svwb690503', 9);
INSERT INTO VEH_LOC VALUES ('2yerf20mvzi798336', 20);
INSERT INTO VEH_LOC VALUES ('2glvc84umoo588827', 3);
INSERT INTO VEH_LOC VALUES ('8kvkc68efzh600564', 13);
INSERT INTO VEH_LOC VALUES ('2kvhy99nkbd239591', 19);
INSERT INTO VEH_LOC VALUES ('5tujw75znjp588815', 14);
INSERT INTO VEH_LOC VALUES ('0owrp03euon728162', 12);
INSERT INTO VEH_LOC VALUES ('5zoqg94jexq806452', 15);
INSERT INTO VEH_LOC VALUES ('0btky95nmxn226370', 20);
INSERT INTO VEH_LOC VALUES ('6jxrn86ytbc153233', 3);
INSERT INTO VEH_LOC VALUES ('8yhrz00sknh053995', 10);
INSERT INTO VEH_LOC VALUES ('4szyg34mbts224051', 6);
INSERT INTO VEH_LOC VALUES ('6drqa79fdaa269768', 15);
INSERT INTO VEH_LOC VALUES ('0btky95nmxn226370', 19);
INSERT INTO VEH_LOC VALUES ('6huqf74zkwb561635', 10);
INSERT INTO VEH_LOC VALUES ('6bjra55yuap994954', 15);
INSERT INTO VEH_LOC VALUES ('5lgut26hbar826511', 6);
INSERT INTO VEH_LOC VALUES ('6kdcz76pirq514462', 15);
INSERT INTO VEH_LOC VALUES ('5dupf09xxdx225012', 20);
INSERT INTO VEH_LOC VALUES ('2napy34xweh988919', 10);
INSERT INTO VEH_LOC VALUES ('6drqa79fdaa269768', 2);
INSERT INTO VEH_LOC VALUES ('4mtzs58kpvw725394', 19);
INSERT INTO VEH_LOC VALUES ('5jihq10gzjs821756', 8);
INSERT INTO VEH_LOC VALUES ('5jrnv56bbbz908647', 4);

INSERT INTO CUSTOMER VALUES (359789, 'Melvina', 'Bernier', '1999-04-28', 3473);
INSERT INTO CUSTOMER VALUES (2216561, 'Junior', 'Erdman', '2010-10-04', 8440);
INSERT INTO CUSTOMER VALUES (2480330, 'Lori', 'Stroman', '1995-12-08', 196);
INSERT INTO CUSTOMER VALUES (3147891, 'Ross', 'Bode', '1980-06-06', 8854);
INSERT INTO CUSTOMER VALUES (6106650, 'Monroe', 'Will', '1974-02-24', 1380);
INSERT INTO CUSTOMER VALUES (11392270, 'Hermina', 'Reichel', '2004-09-03', 4215);
INSERT INTO CUSTOMER VALUES (11877165, 'Caesar', 'Hermiston', '2015-09-02', 8938);
INSERT INTO CUSTOMER VALUES (12951948, 'Jackeline', 'Herman', '1994-02-09', 4204);
INSERT INTO CUSTOMER VALUES (13061390, 'Dorthy', 'Harris', '1984-08-03', 289);
INSERT INTO CUSTOMER VALUES (14510349, 'Jefferey', 'Rath', '1974-08-10', 6220);
INSERT INTO CUSTOMER VALUES (14571742, 'Stan', 'Kassulke', '1997-04-06', 3769);
INSERT INTO CUSTOMER VALUES (18124753, 'Laney', 'Hane', '1988-01-23', 5662);
INSERT INTO CUSTOMER VALUES (19103592, 'Fay', 'Walter', '2008-03-23', 1064);
INSERT INTO CUSTOMER VALUES (20222780, 'Donavon', 'Bailey', '1988-10-20', 2239);
INSERT INTO CUSTOMER VALUES (21063250, 'Kareem', 'Renner', '1990-11-29', 3021);
INSERT INTO CUSTOMER VALUES (22153210, 'Sydney', 'Schowalter', '2003-12-08', 8256);
INSERT INTO CUSTOMER VALUES (23851814, 'Caterina', 'Pollich', '2016-04-04', 2534);
INSERT INTO CUSTOMER VALUES (24310284, 'Bartholome', 'Hermann', '2013-12-19', 3800);
INSERT INTO CUSTOMER VALUES (26153566, 'Priscilla', 'Fadel', '1984-01-19', 71);
INSERT INTO CUSTOMER VALUES (27537234, 'Maureen', 'Metz', '2004-10-07', 7572);
INSERT INTO CUSTOMER VALUES (28125730, 'Darlene', 'Roberts', '1995-04-18', 2654);
INSERT INTO CUSTOMER VALUES (30768916, 'Brooks', 'Roob', '2017-06-18', 1755);
INSERT INTO CUSTOMER VALUES (31167990, 'Amber', 'Lynch', '1998-01-26', 5130);
INSERT INTO CUSTOMER VALUES (31940306, 'Rosamond', 'Ledner', '2007-12-25', 8729);
INSERT INTO CUSTOMER VALUES (31953784, 'Kenya', 'Aufderhar', '1972-11-05', 2536);
INSERT INTO CUSTOMER VALUES (32003735, 'Pamela', 'Schroeder', '1979-04-14', 1187);
INSERT INTO CUSTOMER VALUES (32521393, 'Jerald', 'Roberts', '1989-02-09', 3681);
INSERT INTO CUSTOMER VALUES (33758369, 'Julio', 'Rodriguez', '1972-07-27', 9184);
INSERT INTO CUSTOMER VALUES (33962513, 'Felicia', 'McCullough', '2016-02-19', 6758);
INSERT INTO CUSTOMER VALUES (34179024, 'Matteo', 'Dickinson', '1999-04-29', 9304);
INSERT INTO CUSTOMER VALUES (34192152, 'Tevin', 'Greenfelder', '1985-07-04', 9628);
INSERT INTO CUSTOMER VALUES (34243685, 'Romaine', 'Bradtke', '1984-12-30', 7322);
INSERT INTO CUSTOMER VALUES (35632921, 'Vergie', 'Feest', '1978-07-01', 2085);
INSERT INTO CUSTOMER VALUES (36724022, 'Jessy', 'Sauer', '1978-02-09', 9002);
INSERT INTO CUSTOMER VALUES (37618769, 'Orion', 'Kemmer', '1971-04-24', 7475);
INSERT INTO CUSTOMER VALUES (38967506, 'Myrna', 'Stanton', '2006-10-07', 6463);
INSERT INTO CUSTOMER VALUES (40228512, 'Wyatt', 'Langworth', '1973-12-10', 6962);
INSERT INTO CUSTOMER VALUES (41020886, 'Devyn', 'Denesik', '2011-09-12', 7009);
INSERT INTO CUSTOMER VALUES (42778727, 'Winona', 'Gislason', '2000-09-26', 1622);
INSERT INTO CUSTOMER VALUES (43151024, 'Lesly', 'Blanda', '1977-12-10', 2652);
INSERT INTO CUSTOMER VALUES (43890600, 'Dewayne', 'Smitham', '1991-05-21', 131);
INSERT INTO CUSTOMER VALUES (44568050, 'Oran', 'Rau', '2004-11-02', 3576);
INSERT INTO CUSTOMER VALUES (46493023, 'Geo', 'Lind', '1999-06-01', 6351);
INSERT INTO CUSTOMER VALUES (48481924, 'Savanna', 'Grant', '2010-01-27', 6762);
INSERT INTO CUSTOMER VALUES (50371506, 'Americo', 'Daugherty', '1983-09-01', 9118);
INSERT INTO CUSTOMER VALUES (52594355, 'Ellis', 'Greenfelder', '2001-02-22', 7775);
INSERT INTO CUSTOMER VALUES (53357192, 'Maia', 'Rodriguez', '2003-04-06', 8904);
INSERT INTO CUSTOMER VALUES (56222179, 'Stone', 'Mayert', '1978-04-24', 7308);
INSERT INTO CUSTOMER VALUES (56902224, 'Autumn', 'Moore', '2011-11-18', 3234);
INSERT INTO CUSTOMER VALUES (56925253, 'Joana', 'Swift', '2016-01-12', 3895);
INSERT INTO CUSTOMER VALUES (57815568, 'Napoleon', 'Crist', '1979-06-11', 7108);
INSERT INTO CUSTOMER VALUES (58261472, 'Loraine', 'Douglas', '2008-03-21', 6373);
INSERT INTO CUSTOMER VALUES (58961240, 'Trey', 'Schamberger', '2013-07-08', 7550);
INSERT INTO CUSTOMER VALUES (59239956, 'Archibald', 'Waelchi', '1971-06-02', 2968);
INSERT INTO CUSTOMER VALUES (60390463, 'Myron', 'Zulauf', '1999-04-05', 8007);
INSERT INTO CUSTOMER VALUES (60642032, 'Martina', 'Hilpert', '1981-07-12', 816);
INSERT INTO CUSTOMER VALUES (61243188, 'Amani', 'Jenkins', '1979-01-02', 6938);
INSERT INTO CUSTOMER VALUES (61416386, 'Edyth', 'Streich', '2015-11-16', 6486);
INSERT INTO CUSTOMER VALUES (63086683, 'Ona', 'Wolf', '1990-06-27', 1414);
INSERT INTO CUSTOMER VALUES (63110032, 'Bessie', 'Romaguera', '2003-10-31', 6927);
INSERT INTO CUSTOMER VALUES (63293731, 'John', 'Kunze', '1976-09-01', 4770);
INSERT INTO CUSTOMER VALUES (63565803, 'Alexandrine', 'Stamm', '1993-01-03', 5289);
INSERT INTO CUSTOMER VALUES (64534071, 'Pauline', 'Rutherford', '1974-10-21', 4867);
INSERT INTO CUSTOMER VALUES (64841741, 'Leonardo', 'Baumbach', '1987-05-29', 907);
INSERT INTO CUSTOMER VALUES (65050425, 'Jordyn', 'Kuvalis', '1978-02-01', 9527);
INSERT INTO CUSTOMER VALUES (66023190, 'Walter', 'O''Hara', '2004-06-27', 7916);
INSERT INTO CUSTOMER VALUES (66803165, 'Brenden', 'Hintz', '2001-04-15', 3622);
INSERT INTO CUSTOMER VALUES (67511061, 'Garrick', 'Effertz', '2002-07-28', 5464);
INSERT INTO CUSTOMER VALUES (69331187, 'Archibald', 'Lockman', '1980-07-23', 712);
INSERT INTO CUSTOMER VALUES (69411811, 'Deja', 'O''Keefe', '1991-11-15', 6007);
INSERT INTO CUSTOMER VALUES (72853187, 'Melvin', 'Heller', '1981-10-18', 6452);
INSERT INTO CUSTOMER VALUES (74530679, 'Rhianna', 'Haag', '1997-09-25', 4568);
INSERT INTO CUSTOMER VALUES (75721604, 'Maximillian', 'Hirthe', '1996-05-30', 206);
INSERT INTO CUSTOMER VALUES (76634312, 'Brandi', 'Brown', '1993-09-04', 9298);
INSERT INTO CUSTOMER VALUES (77474745, 'Elda', 'Schiller', '1970-11-30', 7421);
INSERT INTO CUSTOMER VALUES (77864059, 'Eloy', 'Orn', '1998-04-08', 3056);
INSERT INTO CUSTOMER VALUES (78263802, 'Kristin', 'Cole', '2002-09-27', 499);
INSERT INTO CUSTOMER VALUES (80200969, 'Jany', 'Will', '1983-10-05', 4576);
INSERT INTO CUSTOMER VALUES (80221865, 'Maurine', 'Kulas', '1989-02-14', 7717);
INSERT INTO CUSTOMER VALUES (80269999, 'Cierra', 'Collins', '2012-10-09', 2521);
INSERT INTO CUSTOMER VALUES (83111406, 'Darian', 'Denesik', '1977-03-31', 7743);
INSERT INTO CUSTOMER VALUES (83512046, 'Justice', 'Sipes', '1985-11-24', 1437);
INSERT INTO CUSTOMER VALUES (83835296, 'Brooke', 'Jast', '1974-02-10', 4352);
INSERT INTO CUSTOMER VALUES (84976409, 'Caleb', 'Wehner', '2000-01-17', 7222);
INSERT INTO CUSTOMER VALUES (85503348, 'Rashad', 'Osinski', '2006-03-05', 2720);
INSERT INTO CUSTOMER VALUES (86122009, 'Arielle', 'Flatley', '2009-07-11', 8505);
INSERT INTO CUSTOMER VALUES (86772088, 'Gino', 'McKenzie', '1979-12-25', 6935);
INSERT INTO CUSTOMER VALUES (87297033, 'Brenda', 'Bartell', '1993-01-08', 9939);
INSERT INTO CUSTOMER VALUES (88535134, 'Ima', 'Heaney', '2001-02-19', 4074);
INSERT INTO CUSTOMER VALUES (88970476, 'Sonia', 'Hackett', '1974-10-17', 5542);
INSERT INTO CUSTOMER VALUES (89069801, 'Clementine', 'Fahey', '1979-02-13', 908);
INSERT INTO CUSTOMER VALUES (89591538, 'Daniela', 'Turcotte', '1975-01-06', 2755);
INSERT INTO CUSTOMER VALUES (90164292, 'Nicholaus', 'Grady', '1998-03-21', 6473);
INSERT INTO CUSTOMER VALUES (92024463, 'Arch', 'Will', '1977-12-13', 355);
INSERT INTO CUSTOMER VALUES (92228603, 'Emelia', 'Tremblay', '2004-07-25', 9539);
INSERT INTO CUSTOMER VALUES (92542466, 'Dariana', 'Stiedemann', '2015-08-06', 6188);
INSERT INTO CUSTOMER VALUES (93905439, 'Alisa', 'Little', '1986-07-06', 7075);
INSERT INTO CUSTOMER VALUES (93939258, 'Will', 'Lubowitz', '1988-03-02', 4810);
INSERT INTO CUSTOMER VALUES (94208389, 'Ronaldo', 'Leuschke', '1975-02-28', 9770);
INSERT INTO CUSTOMER VALUES (98915563, 'Alexander', 'Bode', '2016-10-24', 6721);

INSERT INTO COMPLAINTS VALUES (735, 30768916, '1xjio43twpl809604', 'Knave of Hearts, she made her next remark. ''Then the Dormouse sulkily remarked, ''If you knew Time as well as she remembered how small she was considering in her brother''s Latin Grammar, ''A mouse--of.', '1997-02-13', 0);
INSERT INTO COMPLAINTS VALUES (2266, 31940306, '8yhrz00sknh053995', 'Drawling-master was an immense length of neck, which seemed to be Number One,'' said Alice. ''Come on, then,'' said the March Hare had just succeeded in curving it down into its nest. Alice crouched.', '1974-08-23', 1);
INSERT INTO COMPLAINTS VALUES (2525, 31940306, '2zrrv20rxyo343589', 'Rabbit actually TOOK A WATCH OUT OF ITS WAISTCOAT-POCKET, and looked along the course, here and there was hardly room for YOU, and no room to open them again, and that''s very like having a game of.', '1979-08-19', 0);
INSERT INTO COMPLAINTS VALUES (6157, 28125730, '8dovn86hrkv604408', 'Off--'' ''Nonsense!'' said Alice, surprised at this, that she began fancying the sort of meaning in them, after all. \"--SAID I COULD NOT SWIM--\" you can''t help it,'' said the King. ''It began with the.', '1997-11-27', 0);
INSERT INTO COMPLAINTS VALUES (8324, 23851814, '1hemc14qhug843205', 'Like a tea-tray in the window, she suddenly spread out her hand, and a Canary called out to sea as you go on? It''s by far the most confusing thing I know. Silence all round, if you want to get.', '2002-01-21', 0);
INSERT INTO COMPLAINTS VALUES (10688, 3147891, '6eume03xjqk749075', 'I suppose I ought to tell him. ''A nice muddle their slates''ll be in a low, timid voice, ''If you can''t swim, can you?'' he added, turning to Alice, they all spoke at once, in a shrill, passionate.', '1974-01-13', 0);
INSERT INTO COMPLAINTS VALUES (12288, 24310284, '5qula51nidy957214', 'Dodo solemnly, rising to its children, ''Come away, my dears! It''s high time you were INSIDE, you might catch a bat, and that''s all you know what it might injure the brain; But, now that I''m.', '2012-11-02', 0);
INSERT INTO COMPLAINTS VALUES (14381, 69411811, '1txee62rjbs081580', 'Alice began, in a great hurry; ''and their names were Elsie, Lacie, and Tillie; and they can''t prove I did: there''s no use in talking to herself, in a large mustard-mine near here. And the moral of.', '2008-08-22', 0);
INSERT INTO COMPLAINTS VALUES (14404, 88970476, '2glvc84umoo588827', 'Mock Turtle replied in a low voice, to the jury, of course--\"I GAVE HER ONE, THEY GAVE HIM TWO--\" why, that must be a LITTLE larger, sir, if you were never even spoke to Time!'' ''Perhaps not,'' Alice.', '1985-11-18', 0);
INSERT INTO COMPLAINTS VALUES (16066, 63293731, '2sdic15wviw144086', 'Just then her head on her hand, and Alice rather unwillingly took the thimble, saying ''We beg your pardon!'' said the Caterpillar. ''I''m afraid I am, sir,'' said Alice; ''it''s laid for a great many more.', '2005-02-01', 0);
INSERT INTO COMPLAINTS VALUES (18945, 27537234, '4bfxw70dunm289223', 'ARE you doing out here? Run home this moment, I tell you, you coward!'' and at last the Mock Turtle. ''Hold your tongue!'' said the Mock Turtle sang this, very slowly and sadly:-- ''\"Will you walk a.', '1987-03-25', 0);
INSERT INTO COMPLAINTS VALUES (19153, 92542466, '8xeoz16rcsx564194', 'YET,'' she said to herself, ''I don''t think--'' ''Then you shouldn''t talk,'' said the Caterpillar. ''I''m afraid I''ve offended it again!'' For the Mouse in the sea, some children digging in the way down one.', '2008-07-28', 1);
INSERT INTO COMPLAINTS VALUES (21108, 64534071, '3jvcv74cdqs417521', 'Alice said to Alice, and she had grown to her usual height. It was high time to go, for the first position in which you usually see Shakespeare, in the last concert!'' on which the cook till his eyes.', '1979-12-15', 0);
INSERT INTO COMPLAINTS VALUES (21838, 92542466, '8clni15gewb928416', 'This is the driest thing I ever was at the Mouse''s tail; ''but why do you want to go! Let me see--how IS it to half-past one as long as I do,'' said the Queen, in a very melancholy voice. ''Repeat,.', '1999-08-15', 1);
INSERT INTO COMPLAINTS VALUES (25325, 56925253, '0oxfm22liig882359', 'Miss, this here ought to eat the comfits: this caused some noise and confusion, as the Caterpillar decidedly, and the other players, and shouting ''Off with her head! Off--'' ''Nonsense!'' said Alice,.', '1994-02-24', 0);
INSERT INTO COMPLAINTS VALUES (28196, 92228603, '1ixrk53hchq192062', 'The Duchess took her choice, and was delighted to find quite a new kind of serpent, that''s all I can remember feeling a little recovered from the shock of being upset, and their slates and pencils.', '1982-12-30', 0);
INSERT INTO COMPLAINTS VALUES (28551, 63565803, '2bcss29rcam956197', 'I''ve got to the Dormouse, who was beginning very angrily, but the cook took the hookah out of this elegant thimble''; and, when it had some kind of sob, ''I''ve tried every way, and then added them up,.', '1982-01-18', 0);
INSERT INTO COMPLAINTS VALUES (29307, 86122009, '2dftq30efqx064804', 'Majesty,'' he began. ''You''re a very good height indeed!'' said Alice, as she could not remember the simple and loving heart of her head impatiently; and, turning to the Gryphon. ''They can''t have.', '1982-12-04', 0);
INSERT INTO COMPLAINTS VALUES (30680, 56925253, '4dtip87auxs305817', 'I''d only been the whiting,'' said Alice, a little bottle on it, or at least one of the edge with each hand. ''And now which is which?'' she said to herself how she would get up and leave the court; but.', '1977-04-24', 0);
INSERT INTO COMPLAINTS VALUES (30744, 53357192, '6kjzq28ufhk235240', 'King. (The jury all brightened up again.) ''Please your Majesty,'' he began. ''You''re a very grave voice, ''until all the way YOU manage?'' Alice asked. The Hatter opened his eyes very wide on hearing.', '1994-06-29', 0);
INSERT INTO COMPLAINTS VALUES (32268, 31167990, '4kfvq44fvxq697100', 'Alice. ''Exactly so,'' said the Mock Turtle, ''Drive on, old fellow! Don''t be all day about it!'' Last came a little shaking among the bright eager eyes were looking up into hers--she could hear him.', '2009-12-08', 0);
INSERT INTO COMPLAINTS VALUES (32767, 72853187, '0ewez77krqr315485', 'Lory, with a sigh. ''I only took the cauldron of soup off the cake. * * * * * * * * ''What a pity it wouldn''t stay!'' sighed the Hatter. He came in with the lobsters to the porpoise, \"Keep back,.', '2007-04-15', 0);

INSERT INTO PROBLEMS VALUES (1, 'No room!'' they.');
INSERT INTO PROBLEMS VALUES (2, 'For some minutes.');
INSERT INTO PROBLEMS VALUES (3, 'I only wish it.');
INSERT INTO PROBLEMS VALUES (4, 'However,.');
INSERT INTO PROBLEMS VALUES (5, 'Hatter: ''but you.');
INSERT INTO PROBLEMS VALUES (6, 'Hatter. He came in.');
INSERT INTO PROBLEMS VALUES (7, 'Duchess..');
INSERT INTO PROBLEMS VALUES (8, 'Mock Turtle is.''.');
INSERT INTO PROBLEMS VALUES (9, 'Alice, a good many.');
INSERT INTO PROBLEMS VALUES (10, 'Though they were.');
INSERT INTO PROBLEMS VALUES (11, 'Dinah, tell me the.');
INSERT INTO PROBLEMS VALUES (12, 'Alice herself, and.');
INSERT INTO PROBLEMS VALUES (13, 'She said this last.');
INSERT INTO PROBLEMS VALUES (14, 'Alice, who was.');
INSERT INTO PROBLEMS VALUES (15, 'Queen said.');

INSERT INTO POTENTIAL_PROBLEMS VALUES (5, '1xjio43twpl809604', 80, 14381);
INSERT INTO POTENTIAL_PROBLEMS VALUES (12, '5jihq10gzjs821756', 127, 14381);
INSERT INTO POTENTIAL_PROBLEMS VALUES (10, '5lgut26hbar826511', 127, 32268);
INSERT INTO POTENTIAL_PROBLEMS VALUES (6, '8iium57aubq508075', 127, 28196);
INSERT INTO POTENTIAL_PROBLEMS VALUES (2, '9tayd83sqlk511892', 127, 14404);
INSERT INTO POTENTIAL_PROBLEMS VALUES (7, '2zdhn29zvau731790', 127, 2266);
INSERT INTO POTENTIAL_PROBLEMS VALUES (3, '3vaji26qbkm251458', 127, 29307);
INSERT INTO POTENTIAL_PROBLEMS VALUES (6, '6ejjb79ksva270370', 127, 32767);
INSERT INTO POTENTIAL_PROBLEMS VALUES (14, '3yhct46nzwt229546', 127, 10688);
INSERT INTO POTENTIAL_PROBLEMS VALUES (10, '1xjio43twpl809604', 127, 25325);
INSERT INTO POTENTIAL_PROBLEMS VALUES (3, '3taio82dbml932750', 127, 32268);
INSERT INTO POTENTIAL_PROBLEMS VALUES (14, '3nido51yoyz063869', 127, 19153);
INSERT INTO POTENTIAL_PROBLEMS VALUES (9, '6ugot89vzyu941838', 127, 14404);
INSERT INTO POTENTIAL_PROBLEMS VALUES (14, '3ybap60owmx983368', 127, 14404);
INSERT INTO POTENTIAL_PROBLEMS VALUES (12, '9tayd83sqlk511892', 127, 29307);
INSERT INTO POTENTIAL_PROBLEMS VALUES (10, '2rbed87uruh712173', 126, 21108);
INSERT INTO POTENTIAL_PROBLEMS VALUES (15, '1pgkc89utmb494177', 127, 29307);
INSERT INTO POTENTIAL_PROBLEMS VALUES (12, '8iium57aubq508075', 127, 14381);
INSERT INTO POTENTIAL_PROBLEMS VALUES (8, '2jdrj53wmeu584414', 127, 2266);
INSERT INTO POTENTIAL_PROBLEMS VALUES (9, '7usqq05sqmf861538', 127, 18945);

INSERT INTO PAYMENT VALUES (6, 'MasterCard');
INSERT INTO PAYMENT VALUES (1, 'Discover Card');
INSERT INTO PAYMENT VALUES (2, 'MasterCard');
INSERT INTO PAYMENT VALUES (3, 'American Express');
INSERT INTO PAYMENT VALUES (9, 'MasterCard');
INSERT INTO PAYMENT VALUES (4, 'MasterCard');
INSERT INTO PAYMENT VALUES (7, 'Discover Card');
INSERT INTO PAYMENT VALUES (5, 'Visa');
INSERT INTO PAYMENT VALUES (10, 'Visa');
INSERT INTO PAYMENT VALUES (8, 'MasterCard');

INSERT INTO RECORD_OF_SALES VALUES ('8dovn86hrkv604408', 359789, '643188654', 1, 0, 1, 58, '1981-07-27', 8);
INSERT INTO RECORD_OF_SALES VALUES ('6ejjb79ksva270370', 93905439, '647537439', 3, 0, 1, 1337, '1981-09-10', 9);
INSERT INTO RECORD_OF_SALES VALUES ('7usqq05sqmf861538', 92024463, '655451198', 8, 0, 1, 6517, '1986-01-03', 6);
INSERT INTO RECORD_OF_SALES VALUES ('2jdrj53wmeu584414', 88535134, '659941924', 1, 1, 0, 2866, '2003-10-25', 3);
INSERT INTO RECORD_OF_SALES VALUES ('8iium57aubq508075', 74530679, '677644171', 1, 0, 1, 34677, '2001-05-07', 8);
INSERT INTO RECORD_OF_SALES VALUES ('1pgkc89utmb494177', 69331187, '659611393', 6, 0, 1, 16729, '1989-01-18', 5);
INSERT INTO RECORD_OF_SALES VALUES ('2rbed87uruh712173', 83512046, '657567938', 1, 1, 0, 863, '1998-05-05', 3);
INSERT INTO RECORD_OF_SALES VALUES ('9tayd83sqlk511892', 92228603, '655370130', 4, 0, 1, 44703, '1995-03-07', 9);
INSERT INTO RECORD_OF_SALES VALUES ('3ybap60owmx983368', 32003735, '668833540', 9, 1, 0, 15900, '2005-09-21', 6);
INSERT INTO RECORD_OF_SALES VALUES ('6ugot89vzyu941838', 66023190, '667529342', 5, 1, 0, 26900, '1988-07-06', 6);

