USE RENTAL;
GO
INSERT INTO LOC VALUES(1, 'Maine','Cityplace', '152 Mulberry St.');
INSERT INTO LOC VALUES(2, 'Maine','Townplace', '111 Numbers Rd.');
INSERT INTO LOC VALUES(3, 'New York','New York', '999 Chinatown Ln.');
INSERT INTO LOC VALUES(4, 'Louisiana','Hammond', '37 Christlynn St.');
INSERT INTO LOC VALUES(5, 'Florida','Navarre', '167 Topaz Rd.');
INSERT INTO LOC VALUES(6, 'Mississippi','Hicktown', '180 Backwards Ln.');
INSERT INTO LOC VALUES(7, 'Alabama','Minny', '100 Mickey St.');
INSERT INTO LOC VALUES(8, 'Iowa','Blackwater', '227 Salty Rd.');
INSERT INTO LOC VALUES(9, 'Nevada','Pinpoint', '765 Catlady Ln.');
INSERT INTO LOC VALUES(10, 'North Carolina','Southville', '989 North St.');


INSERT INTO EMPLOYEE VALUES(100000000, 'Mark','Brown',1,50000);
INSERT INTO EMPLOYEE VALUES(100000001, 'Jonathan','Valez',2,60000);
INSERT INTO EMPLOYEE VALUES(100000002, 'Sennete','Jackson',3,61000);
INSERT INTO EMPLOYEE VALUES(100000003, 'John','Small',4,40000);
INSERT INTO EMPLOYEE VALUES(100000004, 'Robert','Geaux',5,65000);
INSERT INTO EMPLOYEE VALUES(100000005, 'Garrent','Hoodie',6,45000);
INSERT INTO EMPLOYEE VALUES(100000006, 'Matt','Olivia',7,51000);
INSERT INTO EMPLOYEE VALUES(100000007, 'Tim','Tims',8,33000);
INSERT INTO EMPLOYEE VALUES(100000008, 'Joan','Miller',9,53000);
INSERT INTO EMPLOYEE VALUES(100000009, 'Sean','Fury',10,100000);

INSERT INTO VEH_LIFESPAN VALUES('Chevy Calviler', 35000);
INSERT INTO VEH_LIFESPAN VALUES('Chevy Equinox', 40000);
INSERT INTO VEH_LIFESPAN VALUES('Ford F150', 25000);
INSERT INTO VEH_LIFESPAN VALUES('Ford Fusion', 32000);
INSERT INTO VEH_LIFESPAN VALUES('Nissan Jolt', 37500);
INSERT INTO VEH_LIFESPAN VALUES('Nissan Altima', 45000);
INSERT INTO VEH_LIFESPAN VALUES('Lincon Towncar', 46500);
INSERT INTO VEH_LIFESPAN VALUES('Lincon Logger', 33200);
INSERT INTO VEH_LIFESPAN VALUES('Toyota Tahcoma', 30000);
INSERT INTO VEH_LIFESPAN VALUES('Toyota Titan', 31000);

INSERT INTO VEHICLES VALUES(10000000000000000,10000000, 2010, 'Chevy Calviler',1,12000); 
INSERT INTO VEHICLES VALUES(10000000000000001,10000001, 2012, 'Chevy Equinox',1,17000); 
INSERT INTO VEHICLES VALUES(10000000000000002,10000002, 2011, 'Ford F150',0,8000); 
INSERT INTO VEHICLES VALUES(10000000000000003,10000003, 2009, 'Ford Fusion',0,20000); 
INSERT INTO VEHICLES VALUES(10000000000000004,10000004, 2007, 'Nissan Jolt',1,2200); 
INSERT INTO VEHICLES VALUES(10000000000000005,10000005, 2004, 'Nissan Altima',0,300); 
INSERT INTO VEHICLES VALUES(10000000000000006,10000006, 2010, 'Lincon Towncar',1,31000); 
INSERT INTO VEHICLES VALUES(10000000000000007,10000007, 2015, 'Lincon Logger',0,15000); 
INSERT INTO VEHICLES VALUES(10000000000000008,10000008, 2001, 'Toyota Tahcoma',0,7000); 
INSERT INTO VEHICLES VALUES(10000000000000009,10000009, 2003, 'Toyota Titan',1,7210); 

INSERT INTO VEH_AVAIL VALUES(10000000000000000,0,1,0,0);
INSERT INTO VEH_AVAIL VALUES(10000000000000001,1,0,0,0);
INSERT INTO VEH_AVAIL VALUES(10000000000000002,0,0,1,0);
INSERT INTO VEH_AVAIL VALUES(10000000000000003,0,0,0,1);
INSERT INTO VEH_AVAIL VALUES(10000000000000004,0,1,0,0);
INSERT INTO VEH_AVAIL VALUES(10000000000000005,1,0,0,0);
INSERT INTO VEH_AVAIL VALUES(10000000000000006,0,0,0,1);
INSERT INTO VEH_AVAIL VALUES(10000000000000007,0,1,0,0);
INSERT INTO VEH_AVAIL VALUES(10000000000000008,0,1,0,0);
INSERT INTO VEH_AVAIL VALUES(10000000000000009,1,0,0,0);


INSERT INTO DRIVERS VALUES(100000003,1,0,4);
INSERT INTO DRIVERS VALUES(100000005,0,1,6);
INSERT INTO DRIVERS VALUES(100000007,1,0,8);
INSERT INTO DRIVERS VALUES(100000008,0,1,9);

INSERT INTO VEH_LOC VALUES(10000000000000000,1);
INSERT INTO VEH_LOC VALUES(10000000000000001,2);
INSERT INTO VEH_LOC VALUES(10000000000000002,3);
INSERT INTO VEH_LOC VALUES(10000000000000003,4);
INSERT INTO VEH_LOC VALUES(10000000000000004,5);
INSERT INTO VEH_LOC VALUES(10000000000000005,6);
INSERT INTO VEH_LOC VALUES(10000000000000006,7);
INSERT INTO VEH_LOC VALUES(10000000000000007,8);
INSERT INTO VEH_LOC VALUES(10000000000000008,9);
INSERT INTO VEH_LOC VALUES(10000000000000009,10);

INSERT INTO CUSTOMER VALUES(1,'Tony','Johnson', '1991-01-11',1000);
INSERT INTO CUSTOMER VALUES(2,'Lucy','Johnson', '1991-05-21',1001);
INSERT INTO CUSTOMER VALUES(3,'Diane','Williams', '1964-11-30',1002);
INSERT INTO CUSTOMER VALUES(4,'Tony','Donald', '1985-12-25',1003);
INSERT INTO CUSTOMER VALUES(5,'Mia','Markez', '1977-04-03',1004);
INSERT INTO CUSTOMER VALUES(6,'Zindal','Brims', '1988-10-10',1005);
INSERT INTO CUSTOMER VALUES(7,'Tommie','Green', '1993-06-27',1006);
INSERT INTO CUSTOMER VALUES(8,'Adian,','Milker', '1990-09-02',1007);
INSERT INTO CUSTOMER VALUES(9,'Samm','Atkin', '1965-09-20',1008);
INSERT INTO CUSTOMER VALUES(10,'Scott','Thompson', '1950-03-29',1009);

INSERT INTO COMPLAINTS VALUES(1,1,10000000000000000,'The air did not work well','2011-03-11',0);
INSERT INTO COMPLAINTS VALUES(2,2,10000000000000001,'The ride was bumpy','2011-05-21',1);
INSERT INTO COMPLAINTS VALUES(3,3,10000000000000002,'The car smelled','2011-07-03',1);
INSERT INTO COMPLAINTS VALUES(4,4,10000000000000003,'The vehicle had a hard time shifting','2011-07-25',0);
INSERT INTO COMPLAINTS VALUES(5,5,10000000000000004,'The brakes are squeeking','2011-09-01',0);
INSERT INTO COMPLAINTS VALUES(6,6,10000000000000005,'The heater took a long time to come on','2011-11-11',1);
INSERT INTO COMPLAINTS VALUES(7,7,10000000000000006,'The car almost did not start','2011-11-17',0);
INSERT INTO COMPLAINTS VALUES(8,8,10000000000000007,'The front passanger side tire feels a little low on air','2012-01-30',1);
INSERT INTO COMPLAINTS VALUES(9,9,10000000000000008,'The engine did not sound well','2012-05-15',0);
INSERT INTO COMPLAINTS VALUES(10,10,10000000000000009,'The steering wheel was hot when I got in the car','2012-07-09',1);

INSERT INTO PROBLEMS VALUES(1,'Air');
INSERT INTO PROBLEMS VALUES(2,'Suspension');
INSERT INTO PROBLEMS VALUES(3,'Cabin');
INSERT INTO PROBLEMS VALUES(4,'Transmission');
INSERT INTO PROBLEMS VALUES(5,'Brakes');
INSERT INTO PROBLEMS VALUES(6,'Heater');
INSERT INTO PROBLEMS VALUES(7,'Starter');
INSERT INTO PROBLEMS VALUES(8,'Tires');
INSERT INTO PROBLEMS VALUES(9,'Engine');
INSERT INTO PROBLEMS VALUES(10,'Idiot');

INSERT INTO POTENTIAL_PROBLEMS VALUES(1,10000000000000000,1,1);
INSERT INTO POTENTIAL_PROBLEMS VALUES(2,10000000000000001,2,2);
INSERT INTO POTENTIAL_PROBLEMS VALUES(3,10000000000000002,3,3);
INSERT INTO POTENTIAL_PROBLEMS VALUES(4,10000000000000003,4,4);
INSERT INTO POTENTIAL_PROBLEMS VALUES(5,10000000000000004,5,5);
INSERT INTO POTENTIAL_PROBLEMS VALUES(6,10000000000000005,6,6);
INSERT INTO POTENTIAL_PROBLEMS VALUES(7,10000000000000006,7,7);
INSERT INTO POTENTIAL_PROBLEMS VALUES(8,10000000000000007,8,8);
INSERT INTO POTENTIAL_PROBLEMS VALUES(9,10000000000000008,9,9);
INSERT INTO POTENTIAL_PROBLEMS VALUES(10,10000000000000009,10,10);


INSERT INTO DEPENDENTS VALUES(100000000,'Sister','Carol','Hopkins',9851234567,1);
INSERT INTO DEPENDENTS VALUES(100000001,'Father','Bob','Baggins',9851234568,1);
INSERT INTO DEPENDENTS VALUES(100000002,'Aunt','Cindy','Lou',9851234569,1);
INSERT INTO DEPENDENTS VALUES(100000003,'Mother','Shawn','Maddie',9851234577,1);
INSERT INTO DEPENDENTS VALUES(100000004,'Friend','Tindy','Mathen',9851234566,1);
INSERT INTO DEPENDENTS VALUES(100000005,'Girlfriend','Maggie','May',9851234599,1);
INSERT INTO DEPENDENTS VALUES(100000006,'Boyfriend','Idaho','State',9851234500,1);
INSERT INTO DEPENDENTS VALUES(100000007,'Wife','Minnie','Tinn',9851234501,1);
INSERT INTO DEPENDENTS VALUES(100000008,'Husband','Rex','Dino',9851234000,1);
INSERT INTO DEPENDENTS VALUES(100000009,'Friend','Cilinda','Markus',9851234111,1);

INSERT INTO MANAGERS VALUES(100000000,1);
INSERT INTO MANAGERS VALUES(100000001,2);
INSERT INTO MANAGERS VALUES(100000002,3);
INSERT INTO MANAGERS VALUES(100000004,5);
INSERT INTO MANAGERS VALUES(100000006,7);
INSERT INTO MANAGERS VALUES(100000009,10);

INSERT INTO PAYMENT VALUES(1,'cash');
INSERT INTO PAYMENT VALUES(2,'credit');
INSERT INTO PAYMENT VALUES(3,'debit');
INSERT INTO PAYMENT VALUES(4,'check');
INSERT INTO PAYMENT VALUES(5,'gift card');
INSERT INTO PAYMENT VALUES(6,'apple pay');
INSERT INTO PAYMENT VALUES(7,'android pay');
INSERT INTO PAYMENT VALUES(8,'google wallet');
INSERT INTO PAYMENT VALUES(9,'samsung pay');
INSERT INTO PAYMENT VALUES(10,'voucher/coupon');

INSERT INTO RECORD_OF_SALES VALUES(10000000000000000,1,100000000,1,1,0,150.00,'2011-03-11',1);
INSERT INTO RECORD_OF_SALES VALUES(10000000000000001,2,100000001,2,1,1,175.00,'2011-04-14',2);
INSERT INTO RECORD_OF_SALES VALUES(10000000000000002,3,100000002,3,1,1,160.00,'2011-04-17',3);
INSERT INTO RECORD_OF_SALES VALUES(10000000000000003,4,100000003,4,1,0,150.00,'2011-07-19',4);
INSERT INTO RECORD_OF_SALES VALUES(10000000000000004,5,100000004,5,1,1,140.00,'2011-08-30',5);
INSERT INTO RECORD_OF_SALES VALUES(10000000000000005,6,100000005,6,1,0,75.00,'2011-11-15',6);
INSERT INTO RECORD_OF_SALES VALUES(10000000000000006,7,100000006,7,1,1,155.00,'2011-12-25',7);
INSERT INTO RECORD_OF_SALES VALUES(10000000000000007,8,100000007,8,1,0,200.00,'2012-01-07',8);
INSERT INTO RECORD_OF_SALES VALUES(10000000000000008,9,100000008,9,1,1,475.00,'2012-03-18',9);
INSERT INTO RECORD_OF_SALES VALUES(10000000000000009,10,100000009,10,1,1,105.00,'2012-05-01',10);

--test










