USE RENTAL;
GO
INSERT INTO LOC VALUES(1, 'Maine','Cityplace', '152 Mulberry St.');
INSERT INTO LOC VALUES(2, 'Maine','Townplace', '111 Numbers Rd.');
INSERT INTO LOC VALUES(3, 'New York','New York', '999 Chinatown Ln.');
INSERT INTO LOC VALUES(4, 'Louisiana','Hammond', '37 Christlynn St.');
INSERT INTO LOC VALUES(5, 'Florida','Navarre', '167 Topaz Rd.');
INSERT INTO LOC VALUES(6, 'Mississippi','Hicktown', '180 Backwards Ln.');
INSERT INTO LOC VALUES(7, 'Alabama','Minny', '100 Mickey St.');
INSERT INTO LOC VALUES(8, 'Iowa','Blackwater', '227 Salty Rd.');
INSERT INTO LOC VALUES(9, 'Nevada','Pinpoint', '765 Catlady Ln.');
INSERT INTO LOC VALUES(10, 'North Carolina','Southville', '989 North St.');


INSERT INTO EMPLOYEE VALUES(100000000, 'Mark','Brown',1,50000);
INSERT INTO EMPLOYEE VALUES(100000001, 'Jonathan','Valez',2,60000);
INSERT INTO EMPLOYEE VALUES(100000002, 'Sennete','Jackson',3,61000);
INSERT INTO EMPLOYEE VALUES(100000003, 'John','Small',4,40000);
INSERT INTO EMPLOYEE VALUES(100000004, 'Robert','Geaux',5,65000);
INSERT INTO EMPLOYEE VALUES(100000005, 'Garrent','Hoodie',6,45000);
INSERT INTO EMPLOYEE VALUES(100000006, 'Matt','Olivia',7,51000);
INSERT INTO EMPLOYEE VALUES(100000007, 'Tim','Tims',8,33000);
INSERT INTO EMPLOYEE VALUES(100000008, 'Joan','Miller',9,53000);
INSERT INTO EMPLOYEE VALUES(100000009, 'Sean','Fury',10,100000);

INSERT INTO VEH_LIFESPAN VALUES('Chevy Calviler', 35000);
INSERT INTO VEH_LIFESPAN VALUES('Chevy Equinox', 40000);
INSERT INTO VEH_LIFESPAN VALUES('Ford F150', 25000);
INSERT INTO VEH_LIFESPAN VALUES('Ford Fusion', 32000);
INSERT INTO VEH_LIFESPAN VALUES('Nissan Jolt', 37500);
INSERT INTO VEH_LIFESPAN VALUES('Nissan Altima', 45000);
INSERT INTO VEH_LIFESPAN VALUES('Lincon Towncar', 46500);
INSERT INTO VEH_LIFESPAN VALUES('Lincon Logger', 33200);
INSERT INTO VEH_LIFESPAN VALUES('Toyota Tahcoma', 30000);
INSERT INTO VEH_LIFESPAN VALUES('Toyota Titan', 31000);

INSERT INTO VEHICLES VALUES(10000000000000000,10000000, 2010, 'Chevy Calviler',1,12000); 
INSERT INTO VEHICLES VALUES(10000000000000001,10000001, 2012, 'Chevy Equinox',1,17000); 
INSERT INTO VEHICLES VALUES(10000000000000002,10000002, 2011, 'Ford F150',0,8000); 
INSERT INTO VEHICLES VALUES(10000000000000003,10000003, 2009, 'Ford Fusion',0,20000); 
INSERT INTO VEHICLES VALUES(10000000000000004,10000004, 2007, 'Nissan Jolt',1,2200); 
INSERT INTO VEHICLES VALUES(10000000000000005,10000005, 2004, 'Nissan Altima',0,300); 
INSERT INTO VEHICLES VALUES(10000000000000006,10000006, 2010, 'Lincon Towncar',1,31000); 
INSERT INTO VEHICLES VALUES(10000000000000007,10000007, 2015, 'Lincon Logger',0,15000); 
INSERT INTO VEHICLES VALUES(10000000000000008,10000008, 2001, 'Toyota Tahcoma',0,7000); 
INSERT INTO VEHICLES VALUES(10000000000000009,10000009, 2003, 'Toyota Titan',1,7210); 
